id_emp,name,last_name,age,gender,area,salary,email,finish_date
82-2860536,Ferrel,Aartsen,30,female,Accounting,117511,Ferrel_Aa.Hy@consulting.com,NULL
76-7456746,Ado,Abatelli,50,male,Accounting,84683,Ado_Ab.Hy@consulting.com,NULL
35-4558116,Lisa,Abatelli,45,female,Accounting,116635,Lisa_Ab.Hy@consulting.com,NULL
03-5122131,Gladi,Abbot,50,male,Accounting,149717,Gladi_Ab.Re@consulting.com,NULL
21-0225498,Shellysheldon,Abbott,23,female,Accounting,78880,Shellysheldon_Ab.Re@consulting.com,NULL
17-7474380,Wren,Aberhart,42,male,Accounting,183083,Wren_Ab.Re@consulting.com,NULL
38-1101129,Rozelle,Abramov,49,male,Accounting,166625,Rozelle_Ab.Re@consulting.com,"2021-11-09 19:29:31"
33-2788786,Oneida,Abramov,54,male,Accounting,116659,Oneida_Ab.Hy@consulting.com,NULL
26-9690769,Flem,Abramovic,44,female,Accounting,141541,Flem_Ab.Hy@consulting.com,"2016-02-04 03:51:40"
21-1612620,Helenelizabeth,Abrashkin,38,male,Accounting,159062,Helenelizabeth_Ab.Re@consulting.com,NULL
41-7636376,Egor,Adamini,34,female,Accounting,66918,Egor_Ad.Re@consulting.com,"2019-08-28 12:46:07"
36-3267264,Ethyl,Adamoli,45,male,Accounting,135278,Ethyl_Ad.Re@consulting.com,NULL
63-5652436,Brinn,Addekin,42,male,Accounting,121198,Brinn_Ad.Hy@consulting.com,NULL
71-4323141,Kynthia,Addyman,51,male,Accounting,83595,Kynthia_Ad.Re@consulting.com,NULL
37-4563976,Ophelia,Adenot,33,male,Accounting,156743,Ophelia_Ad.Hy@consulting.com,NULL
77-2486932,Charita,Adiscot,36,male,Accounting,94404,Charita_Ad.Re@consulting.com,NULL
70-4852516,Jasmina,Adshead,50,male,Accounting,135798,Jasmina_Ad.Hy@consulting.com,NULL
28-5439484,Tami,Affleck,31,female,Accounting,89999,Tami_Af.Re@consulting.com,NULL
98-9395756,Stephanie,Agate,55,male,Accounting,115134,Stephanie_Ag.Hy@consulting.com,NULL
60-8886866,Conny,Agett,58,female,Accounting,139107,Conny_Ag.Hy@consulting.com,NULL
01-7851887,Sorcha,Agget,58,female,Accounting,167529,Sorcha_Ag.Re@consulting.com,"2023-09-28 02:22:45"
76-1030067,Carson,Aggs,32,female,Accounting,160109,Carson_Ag.Hy@consulting.com,NULL
23-3922685,Lotti,Ahrend,42,male,Accounting,79095,Lotti_Ah.Hy@consulting.com,NULL
15-6583103,Abagael,Aindrais,37,male,Accounting,173307,Abagael_Ai.Re@consulting.com,NULL
13-4632056,Nathanil,Airth,27,female,Accounting,88087,Nathanil_Ai.Hy@consulting.com,NULL
70-0944003,Lexy,Aisthorpe,40,female,Accounting,95740,Lexy_Ai.Hy@consulting.com,NULL
71-5731809,Mahala,Aitchinson,39,female,Accounting,127406,Mahala_Ai.Re@consulting.com,NULL
70-0038244,Gonzales,Aitkin,40,female,Accounting,129344,Gonzales_Ai.Hy@consulting.com,"2010-11-30 04:13:32"
37-3997375,Ame,Aizik,33,female,Accounting,77105,Ame_Ai.Re@consulting.com,NULL
88-9154251,Paulie,Aizikov,27,female,Accounting,79968,Paulie_Ai.Re@consulting.com,NULL
58-6727791,Wylie,Akid,54,male,Accounting,143989,Wylie_Ak.Re@consulting.com,NULL
36-2913983,Thorstein,Alastair,32,female,Accounting,65302,Thorstein_Al.Re@consulting.com,NULL
91-7403556,Trueman,Alcide,44,male,Accounting,177494,Trueman_Al.Hy@consulting.com,NULL
13-2001607,Ad,Alcoran,32,female,Accounting,68223,Ad_Al.Hy@consulting.com,NULL
54-8289666,Tabbie,Alder,55,female,Accounting,141530,Tabbie_Al.Hy@consulting.com,NULL
33-4224349,Rosemonde,Aldhouse,54,female,Accounting,120116,Rosemonde_Al.Hy@consulting.com,"2018-11-04 00:14:32"
02-8608961,Harris,Alekhov,52,male,Accounting,148372,Harris_Al.Re@consulting.com,NULL
69-3687112,Harrison,Alekhov,42,female,Accounting,105339,Harrison_Al.Re@consulting.com,NULL
83-0012665,Roseanne,Aleksic,28,female,Accounting,139545,Roseanne_Al.Hy@consulting.com,NULL
45-6718426,Gan,Aliman,26,male,Accounting,160397,Gan_Al.Hy@consulting.com,NULL
10-1695451,Linea,Allder,29,male,Accounting,99978,Linea_Al.Hy@consulting.com,NULL
93-1822709,Marco,Alldre,56,female,Accounting,151569,Marco_Al.Hy@consulting.com,NULL
02-9778484,Francis,Alleway,51,female,Accounting,110264,Francis_Al.Hy@consulting.com,NULL
24-8598075,Doug,Alliband,28,female,Accounting,126579,Doug_Al.Re@consulting.com,NULL
79-8346659,Nester,Allibon,39,male,Accounting,128816,Nester_Al.Hy@consulting.com,NULL
91-2964098,Thorvald,Allibone,24,male,Accounting,104008,Thorvald_Al.Re@consulting.com,NULL
50-7039988,Colline,Allicock,34,male,Accounting,102138,Colline_Al.Hy@consulting.com,NULL
78-6610331,Connie,Allon,39,male,Accounting,79281,Connie_Al.Hy@consulting.com,NULL
77-1627150,Ashlen,Allston,56,female,Accounting,173640,Ashlen_Al.Hy@consulting.com,NULL
85-0274905,Millisent,Amber,57,male,Accounting,71351,Millisent_Am.Re@consulting.com,NULL
30-4383803,Gauthier,Ambler,26,female,Accounting,147387,Gauthier_Am.Re@consulting.com,NULL
04-7219997,Emmie,Ambrogetti,55,male,Accounting,120564,Emmie_Am.Hy@consulting.com,NULL
15-1308488,Dudley,Ambrosch,44,male,Accounting,82639,Dudley_Am.Hy@consulting.com,"2020-04-26 04:02:07"
21-4706878,Aridatha,Amps,52,female,Accounting,81393,Aridatha_Am.Re@consulting.com,NULL
06-7384824,Jamie,Amsberger,25,male,Accounting,89155,Jamie_Am.Re@consulting.com,NULL
73-9366607,Remington,Anderer,58,female,Accounting,158227,Remington_An.Re@consulting.com,"2016-12-29 05:32:29"
60-7698626,Falito,Anderl,49,male,Accounting,165646,Falito_An.Hy@consulting.com,NULL
82-2144794,Bran,Anders,27,male,Accounting,154090,Bran_An.Re@consulting.com,NULL
61-5821090,Lissi,Andino,45,female,Accounting,141833,Lissi_An.Re@consulting.com,"2017-07-17 19:49:47"
82-8247900,Gabie,Andreassen,26,male,Accounting,77966,Gabie_An.Re@consulting.com,NULL
04-6722722,Jacqui,Andreopolos,59,male,Accounting,131824,Jacqui_An.Re@consulting.com,"2010-11-04 23:40:49"
73-8760111,Sofia,Andrieu,28,male,Accounting,76043,Sofia_An.Re@consulting.com,NULL
00-9261338,Sharline,Andrzej,51,male,Accounting,158433,Sharline_An.Re@consulting.com,NULL
56-9170943,Coretta,Angell,37,male,Accounting,169165,Coretta_An.Re@consulting.com,NULL
94-0017834,Natividad,Ankrett,46,female,Accounting,155399,Natividad_An.Re@consulting.com,NULL
44-7487491,Ermanno,Ankrett,49,male,Accounting,163292,Ermanno_An.Hy@consulting.com,NULL
83-3135323,Barrett,Anthoin,41,male,Accounting,124550,Barrett_An.Hy@consulting.com,NULL
33-2748138,Gib,Antonucci,52,male,Accounting,122062,Gib_An.Hy@consulting.com,NULL
04-7075892,Idell,Antonutti,33,male,Accounting,119609,Idell_An.Hy@consulting.com,NULL
42-9767038,Suki,Antuk,57,male,Accounting,88932,Suki_An.Hy@consulting.com,NULL
96-5525010,Roderick,Archbald,41,male,Accounting,71811,Roderick_Ar.Re@consulting.com,NULL
44-3662131,Alessandra,Archdeckne,30,male,Accounting,113452,Alessandra_Ar.Re@consulting.com,NULL
07-7578902,Dacie,Ardern,45,female,Accounting,125710,Dacie_Ar.Hy@consulting.com,NULL
22-0506971,Dick,Arends,48,male,Accounting,171018,Dick_Ar.Re@consulting.com,NULL
04-5174787,Arlene,Arkow,45,male,Accounting,96632,Arlene_Ar.Hy@consulting.com,NULL
37-1238887,Chloris,Arlet,44,female,Accounting,164150,Chloris_Ar.Hy@consulting.com,NULL
39-5371253,Ethelbert,Arnecke,47,male,Accounting,142238,Ethelbert_Ar.Re@consulting.com,NULL
60-9402158,Parnell,Arnett,43,female,Accounting,139127,Parnell_Ar.Hy@consulting.com,"2016-03-24 21:04:23"
79-9122568,Silvia,Arni,50,female,Accounting,118087,Silvia_Ar.Re@consulting.com,NULL
86-5623028,Sayer,Arnoult,49,male,Accounting,91131,Sayer_Ar.Re@consulting.com,NULL
04-4699295,Rafferty,Arnoult,27,female,Accounting,131874,Rafferty_Ar.Hy@consulting.com,NULL
96-0666699,Violetta,Aronoff,26,male,Accounting,137412,Violetta_Ar.Hy@consulting.com,NULL
87-0710715,Chryste,Artharg,51,male,Accounting,131723,Chryste_Ar.Hy@consulting.com,NULL
84-7265933,Bud,Artinstall,43,male,Accounting,184594,Bud_Ar.Re@consulting.com,NULL
09-5070412,Bernardine,Artois,49,female,Accounting,139178,Bernardine_Ar.Hy@consulting.com,"2015-06-02 01:50:24"
20-2549407,Trudi,Asch,46,male,Accounting,105526,Trudi_As.Re@consulting.com,NULL
47-0159378,Brannon,Asee,31,female,Accounting,155493,Brannon_As.Hy@consulting.com,NULL
95-4878619,Armin,Ashbolt,53,female,Accounting,84735,Armin_As.Re@consulting.com,NULL
15-8711329,Giselle,Ashcroft,31,male,Accounting,158711,Giselle_As.Hy@consulting.com,"2020-06-04 03:38:34"
14-2313745,Sada,Ashfold,58,female,Accounting,82811,Sada_As.Hy@consulting.com,NULL
62-5250441,Kathlin,Aslin,37,female,Accounting,65133,Kathlin_As.Re@consulting.com,NULL
40-2966927,Florrie,Asman,50,female,Accounting,165709,Florrie_As.Hy@consulting.com,NULL
15-5633047,Otis,Assandri,41,male,Accounting,103986,Otis_As.Re@consulting.com,NULL
19-4238272,Durant,Asson,26,female,Accounting,114352,Durant_As.Hy@consulting.com,NULL
36-0970872,Dani,Atherton,27,male,Accounting,72277,Dani_At.Hy@consulting.com,NULL
73-0777834,Brant,Attard,55,male,Accounting,165685,Brant_At.Hy@consulting.com,NULL
62-2955438,Charmian,Attersoll,40,male,Accounting,83664,Charmian_At.Hy@consulting.com,NULL
39-2742752,Reeva,Attow,36,female,Accounting,126303,Reeva_At.Hy@consulting.com,NULL
39-5839696,Chick,Attow,36,female,Accounting,130024,Chick_At.Hy@consulting.com,NULL
81-7741488,Shoshanna,Attreed,43,female,Accounting,177760,Shoshanna_At.Hy@consulting.com,NULL
75-1944551,Gerardo,Aubin,46,female,Accounting,146523,Gerardo_Au.Hy@consulting.com,NULL
73-2261606,Maegan,Aubray,38,female,Accounting,78282,Maegan_Au.Re@consulting.com,NULL
63-6527414,Fanya,Augur,23,male,Accounting,75819,Fanya_Au.Hy@consulting.com,NULL
77-9501144,Bobby,Auguste,48,female,Accounting,103814,Bobby_Au.Re@consulting.com,NULL
89-0618848,Tuesday,Aulds,32,male,Accounting,150431,Tuesday_Au.Re@consulting.com,NULL
86-8684686,Lauritz,Ausello,38,male,Accounting,167725,Lauritz_Au.Re@consulting.com,"2018-02-28 11:59:38"
55-2109643,Janetta,Auty,56,male,Accounting,177700,Janetta_Au.Re@consulting.com,"2015-07-13 07:57:53"
83-4318213,Toinette,Avrahamy,27,female,Accounting,148335,Toinette_Av.Re@consulting.com,NULL
98-4518232,Myrvyn,Avramow,57,male,Accounting,128370,Myrvyn_Av.Re@consulting.com,"2006-08-10 21:10:21"
56-0339574,Gert,Avrasin,31,female,Accounting,75843,Gert_Av.Re@consulting.com,NULL
96-6510338,Pearl,Awcoate,53,female,Accounting,73758,Pearl_Aw.Re@consulting.com,NULL
15-4210439,Melinda,Axcell,38,male,Accounting,98280,Melinda_Ax.Hy@consulting.com,NULL
72-6891487,Melloney,Axe,26,male,Accounting,176364,Melloney_Ax.Hy@consulting.com,NULL
60-5395959,Ranique,Axup,55,male,Accounting,69681,Ranique_Ax.Hy@consulting.com,NULL
91-6343870,Isabel,Ayer,45,male,Accounting,76949,Isabel_Ay.Hy@consulting.com,"2017-07-19 11:39:01"
71-6198915,Winnah,Ayllett,28,male,Accounting,132161,Winnah_Ay.Re@consulting.com,"2012-08-28 09:06:56"
54-0692280,Caterina,Aylott,33,female,Accounting,158216,Caterina_Ay.Hy@consulting.com,NULL
71-8043654,Elijah,Aymer,49,male,Accounting,150373,Elijah_Ay.Re@consulting.com,"2023-05-06 13:55:10"
06-1237026,Silvio,Ayree,47,male,Accounting,144514,Silvio_Ay.Re@consulting.com,NULL
68-5204370,Livvy,Ayrton,30,male,Accounting,129626,Livvy_Ay.Re@consulting.com,NULL
07-4432399,Leopold,Aysh,34,male,Accounting,111756,Leopold_Ay.Re@consulting.com,NULL
53-8718018,Coreen,Babinski,46,male,Accounting,108575,Coreen_Ba.Re@consulting.com,NULL
78-0857021,Saidee,Bacchus,46,female,Accounting,79211,Saidee_Ba.Hy@consulting.com,NULL
10-1014143,Ugo,Bachelar,38,male,Accounting,162511,Ugo_Ba.Hy@consulting.com,"2006-03-12 05:01:50"
50-4543324,Pierre,Backe,24,male,Accounting,88786,Pierre_Ba.Hy@consulting.com,NULL
90-5164569,Diandra,Backler,57,male,Accounting,132159,Diandra_Ba.Hy@consulting.com,NULL
13-7682883,Clark,Backshell,38,male,Accounting,146592,Clark_Ba.Hy@consulting.com,NULL
47-5576784,Doreen,Baddam,32,female,Accounting,151915,Doreen_Ba.Re@consulting.com,NULL
67-2501522,Codie,Badrick,48,female,Accounting,109916,Codie_Ba.Hy@consulting.com,NULL
04-7312784,Clovis,Baggaley,38,female,Accounting,92876,Clovis_Ba.Hy@consulting.com,NULL
22-7493591,Jackie,Baggarley,34,male,Accounting,92199,Jackie_Ba.Re@consulting.com,NULL
81-1860674,Amalee,Bakhrushin,53,male,Accounting,106334,Amalee_Ba.Hy@consulting.com,"2005-09-04 18:54:49"
20-7935540,Jelene,Balaizot,34,female,Accounting,81579,Jelene_Ba.Hy@consulting.com,NULL
66-3015935,Gay,Balasin,45,male,Accounting,81546,Gay_Ba.Re@consulting.com,NULL
52-3078658,Alley,Balcon,37,female,Accounting,78079,Alley_Ba.Hy@consulting.com,NULL
79-6225986,Bern,Balkwill,50,male,Accounting,127231,Bern_Ba.Re@consulting.com,NULL
03-6480837,Dion,Ballham,36,female,Accounting,166059,Dion_Ba.Hy@consulting.com,NULL
26-6034541,Ulrich,Balm,55,male,Accounting,152920,Ulrich_Ba.Hy@consulting.com,"2021-02-25 13:34:09"
09-3688591,Melinda,Balm,57,female,Accounting,66473,Melinda_Ba.Hy@consulting.com,NULL
60-3352594,Avie,Balshen,24,female,Accounting,154603,Avie_Ba.Re@consulting.com,NULL
80-1470654,Orel,Balstone,26,male,Accounting,140255,Orel_Ba.Re@consulting.com,NULL
93-5193597,Roxie,Bambrick,24,female,Accounting,84991,Roxie_Ba.Hy@consulting.com,NULL
83-5117105,Currey,Bambrough,52,male,Accounting,103146,Currey_Ba.Hy@consulting.com,NULL
78-7435440,Willard,Bampkin,25,male,Accounting,173665,Willard_Ba.Re@consulting.com,NULL
29-1089613,Fergus,Banaszczyk,56,female,Accounting,152583,Fergus_Ba.Re@consulting.com,NULL
50-0589954,Dareen,Banaszewski,59,female,Accounting,129672,Dareen_Ba.Hy@consulting.com,NULL
36-2624429,Dean,Banaszkiewicz,47,male,Accounting,79005,Dean_Ba.Hy@consulting.com,NULL
58-1068708,Juliette,Banishevitz,27,female,Accounting,86974,Juliette_Ba.Hy@consulting.com,NULL
76-0851298,Harriet,Bantick,47,female,Accounting,79104,Harriet_Ba.Hy@consulting.com,"2005-05-01 12:03:44"
08-4292923,Barr,Bantock,40,male,Accounting,88042,Barr_Ba.Hy@consulting.com,NULL
65-4696729,Boonie,Baptista,51,male,Accounting,126091,Boonie_Ba.Re@consulting.com,NULL
15-0923956,Debor,Barabisch,50,male,Accounting,178621,Debor_Ba.Hy@consulting.com,"2022-12-14 23:09:14"
35-1711431,Ellen,Barajaz,46,female,Accounting,106402,Ellen_Ba.Re@consulting.com,"2018-04-28 08:25:45"
83-3329231,Steward,Bardwall,58,male,Accounting,180520,Steward_Ba.Re@consulting.com,NULL
01-2937041,Hussein,Barff,28,male,Accounting,76381,Hussein_Ba.Hy@consulting.com,NULL
31-4436716,Carny,Bargery,35,male,Accounting,120385,Carny_Ba.Hy@consulting.com,NULL
61-9410193,Othelia,Barkas,51,male,Accounting,115514,Othelia_Ba.Hy@consulting.com,NULL
08-6687755,Alidia,Barkworth,47,male,Accounting,103105,Alidia_Ba.Re@consulting.com,NULL
02-6032154,Celestina,Barlace,52,male,Accounting,177189,Celestina_Ba.Hy@consulting.com,NULL
61-2014213,Leah,Barling,57,female,Accounting,165202,Leah_Ba.Re@consulting.com,NULL
87-2391463,Steven,Barlthrop,34,female,Accounting,162036,Steven_Ba.Re@consulting.com,NULL
33-0304525,Vida,Barnsdall,52,male,Accounting,122276,Vida_Ba.Hy@consulting.com,NULL
94-0057954,Lydia,Barock,41,male,Accounting,170091,Lydia_Ba.Hy@consulting.com,NULL
34-8670847,Bertine,Baron,54,female,Accounting,112850,Bertine_Ba.Re@consulting.com,NULL
39-5686928,Leland,Barrar,42,female,Accounting,81804,Leland_Ba.Hy@consulting.com,NULL
65-1811074,Gerald,Barrell,41,female,Accounting,160667,Gerald_Ba.Hy@consulting.com,NULL
20-4424597,Randene,Bartaletti,42,female,Accounting,112793,Randene_Ba.Re@consulting.com,NULL
85-3140202,Sibyl,Barter,59,female,Accounting,140496,Sibyl_Ba.Re@consulting.com,NULL
11-5192584,Puff,Barthropp,56,male,Accounting,176487,Puff_Ba.Re@consulting.com,NULL
84-5939306,Dede,Bartkiewicz,43,male,Accounting,134241,Dede_Ba.Hy@consulting.com,NULL
39-1161878,Antonietta,Bartoletti,38,female,Accounting,119666,Antonietta_Ba.Re@consulting.com,NULL
62-3472339,Clare,Barwell,41,female,Accounting,78991,Clare_Ba.Re@consulting.com,NULL
19-6411736,Guy,Basketfield,30,female,Accounting,89921,Guy_Ba.Hy@consulting.com,NULL
82-9061328,Hank,Basley,49,male,Accounting,148893,Hank_Ba.Hy@consulting.com,NULL
79-8151173,Jojo,Basset,28,male,Accounting,180536,Jojo_Ba.Re@consulting.com,NULL
78-5075676,Lark,Bassham,38,male,Accounting,100185,Lark_Ba.Re@consulting.com,NULL
95-3354732,Millicent,Bassil,41,male,Accounting,142979,Millicent_Ba.Hy@consulting.com,NULL
29-7557747,Sandi,Bastick,35,male,Accounting,69428,Sandi_Ba.Re@consulting.com,"2019-12-22 00:02:26"
08-2154069,Xenia,Bates,57,male,Accounting,149213,Xenia_Ba.Hy@consulting.com,NULL
13-2679341,Carolan,Batho,30,male,Accounting,94276,Carolan_Ba.Hy@consulting.com,NULL
91-9926665,Rafi,Batistelli,45,male,Accounting,149518,Rafi_Ba.Re@consulting.com,NULL
60-8740011,Tobey,Battell,58,male,Accounting,82550,Tobey_Ba.Re@consulting.com,NULL
60-8636837,Anna-diane,Bauldry,23,male,Accounting,179572,Anna-diane_Ba.Re@consulting.com,"2012-02-08 12:23:19"
86-2840560,Dene,Beacom,41,male,Accounting,168576,Dene_Be.Hy@consulting.com,NULL
02-1183833,Jania,Beacroft,52,male,Accounting,163719,Jania_Be.Re@consulting.com,NULL
17-8675249,Eli,Beadell,47,female,Accounting,126110,Eli_Be.Re@consulting.com,NULL
53-8087012,Shay,Beagles,48,female,Accounting,85945,Shay_Be.Re@consulting.com,"2022-08-24 14:34:23"
36-5662795,Valeria,Bearcroft,45,male,Accounting,65502,Valeria_Be.Re@consulting.com,NULL
20-4359856,Dari,Beardsworth,55,female,Accounting,82729,Dari_Be.Re@consulting.com,NULL
48-8357261,Delmore,Bearfoot,24,female,Accounting,181408,Delmore_Be.Hy@consulting.com,NULL
67-6819503,Mack,Beart,29,male,Accounting,98776,Mack_Be.Hy@consulting.com,NULL
12-1689412,Becca,Beasley,35,female,Accounting,110725,Becca_Be.Hy@consulting.com,NULL
80-6915319,Brandtr,Beastall,49,female,Accounting,66256,Brandtr_Be.Hy@consulting.com,"2020-01-05 23:19:03"
81-6063472,Marinna,Beathem,53,female,Accounting,123815,Marinna_Be.Hy@consulting.com,NULL
76-1838410,Luz,Beceril,47,male,Accounting,142112,Luz_Be.Hy@consulting.com,NULL
68-9158926,Audre,Becket,52,female,Accounting,84981,Audre_Be.Hy@consulting.com,NULL
74-8251475,Tabbie,Bedbury,57,male,Accounting,90249,Tabbie_Be.Re@consulting.com,NULL
94-3328789,Vance,Beddows,27,male,Accounting,110696,Vance_Be.Hy@consulting.com,NULL
09-8839548,Ardene,Beedham,56,male,Accounting,104578,Ardene_Be.Re@consulting.com,NULL
46-7850852,Esther,Beer,50,female,Accounting,183241,Esther_Be.Hy@consulting.com,NULL
94-2478067,Ray,Beetles,36,female,Accounting,150344,Ray_Be.Re@consulting.com,NULL
81-4193529,Bjorn,Begent,49,male,Accounting,175234,Bjorn_Be.Re@consulting.com,NULL
83-9220296,Cami,Beggini,32,male,Accounting,109950,Cami_Be.Re@consulting.com,NULL
98-7944375,Thurstan,Behne,47,male,Accounting,183352,Thurstan_Be.Hy@consulting.com,NULL
23-4556345,Randell,Behning,42,female,Accounting,99755,Randell_Be.Hy@consulting.com,NULL
86-6742282,Sashenka,Behrendsen,44,male,Accounting,159043,Sashenka_Be.Re@consulting.com,"2020-07-26 10:14:38"
68-4047145,Randi,Beig,30,male,Accounting,175332,Randi_Be.Re@consulting.com,"2008-06-04 03:45:32"
76-4036799,Suzanna,Beining,29,female,Accounting,121061,Suzanna_Be.Hy@consulting.com,NULL
15-6189168,Brodie,Beining,51,female,Accounting,83343,Brodie_Be.Hy@consulting.com,NULL
64-9581043,Juana,Belchamber,27,female,Accounting,108779,Juana_Be.Hy@consulting.com,NULL
87-6153690,Pennie,Belchamp,47,female,Accounting,164770,Pennie_Be.Hy@consulting.com,"2010-02-26 12:34:54"
28-1849616,Bartel,Beldam,44,male,Accounting,65766,Bartel_Be.Hy@consulting.com,NULL
31-8079431,Nealson,Belfitt,44,male,Accounting,140077,Nealson_Be.Hy@consulting.com,"2006-06-22 10:27:53"
40-7156622,Clemmie,Bell,41,male,Accounting,164838,Clemmie_Be.Re@consulting.com,NULL
13-8182292,Claudell,Bellchamber,34,male,Accounting,76182,Claudell_Be.Re@consulting.com,NULL
30-4674870,Burty,Benbrick,51,female,Accounting,150251,Burty_Be.Re@consulting.com,NULL
80-0917547,Jarrod,Bendelow,29,male,Accounting,94561,Jarrod_Be.Re@consulting.com,NULL
18-7684489,Neala,Bendon,53,female,Accounting,86146,Neala_Be.Hy@consulting.com,"2009-08-01 05:08:20"
02-9416533,Bethany,Benediktsson,30,male,Accounting,161986,Bethany_Be.Re@consulting.com,NULL
68-1241806,Marsh,Benedito,55,female,Accounting,139271,Marsh_Be.Re@consulting.com,NULL
89-6583010,Demeter,Benesevich,51,male,Accounting,123158,Demeter_Be.Re@consulting.com,NULL
39-6206052,Rea,Benezet,32,male,Accounting,119705,Rea_Be.Hy@consulting.com,NULL
26-1412290,Madeleine,Bengal,31,female,Accounting,169810,Madeleine_Be.Hy@consulting.com,NULL
71-9066040,Sibylla,Bengough,38,male,Accounting,123999,Sibylla_Be.Hy@consulting.com,NULL
13-7238859,Aleda,Benito,48,male,Accounting,109229,Aleda_Be.Re@consulting.com,NULL
83-1273911,Kele,Bennetto,59,male,Accounting,135092,Kele_Be.Re@consulting.com,NULL
17-4380094,Dur,Benoi,33,male,Accounting,74716,Dur_Be.Re@consulting.com,NULL
70-7554698,Franky,Benza,40,female,Accounting,68762,Franky_Be.Hy@consulting.com,NULL
27-1799506,Debor,Berecloth,37,female,Accounting,118808,Debor_Be.Hy@consulting.com,NULL
57-1951423,Chrystal,Bergeau,34,female,Accounting,128267,Chrystal_Be.Re@consulting.com,NULL
14-5675732,Nikolos,Bergstram,29,male,Accounting,96436,Nikolos_Be.Re@consulting.com,NULL
26-8645776,Adele,Berkery,39,male,Accounting,157410,Adele_Be.Re@consulting.com,NULL
64-2634693,Tarrance,Bernakiewicz,27,male,Accounting,182745,Tarrance_Be.Hy@consulting.com,NULL
82-1975312,Rivalee,Bernakiewicz,49,female,Accounting,93190,Rivalee_Be.Hy@consulting.com,NULL
71-1658430,Jilleen,Bernholt,33,female,Accounting,121030,Jilleen_Be.Hy@consulting.com,NULL
62-2651194,Morris,Bernlin,56,male,Accounting,109720,Morris_Be.Hy@consulting.com,NULL
95-2216068,Boigie,Bernuzzi,28,female,Accounting,143072,Boigie_Be.Re@consulting.com,"2015-10-04 17:24:01"
33-5664135,Gayle,Berrey,58,female,Accounting,154547,Gayle_Be.Hy@consulting.com,NULL
79-0467095,Agosto,Bertot,53,male,Accounting,92253,Agosto_Be.Hy@consulting.com,NULL
44-6894918,Modesty,Bes,50,female,Accounting,65510,Modesty_Be.Hy@consulting.com,NULL
43-7295371,Blanca,Bessey,57,male,Accounting,149802,Blanca_Be.Re@consulting.com,"2014-12-12 04:21:32"
11-8417383,Ingelbert,Best,50,female,Accounting,126341,Ingelbert_Be.Hy@consulting.com,NULL
07-0617964,Nealy,Bestwerthick,40,male,Accounting,70085,Nealy_Be.Re@consulting.com,NULL
41-2762475,Alia,Beswetherick,32,male,Accounting,69188,Alia_Be.Re@consulting.com,NULL
38-4415608,Fonzie,Betke,35,female,Accounting,149295,Fonzie_Be.Hy@consulting.com,NULL
42-2747223,Alvina,Bettaney,31,male,Accounting,83240,Alvina_Be.Hy@consulting.com,NULL
49-1219909,Allard,Beven,28,female,Accounting,179674,Allard_Be.Hy@consulting.com,NULL
66-9319700,Zea,Bezant,26,male,Accounting,65186,Zea_Be.Re@consulting.com,NULL
85-0684607,Olva,Bezemer,31,female,Accounting,170631,Olva_Be.Hy@consulting.com,NULL
35-6642333,Nannette,Bicksteth,30,female,Accounting,169871,Nannette_Bi.Re@consulting.com,NULL
44-1139833,Kev,Biesinger,57,female,Accounting,111032,Kev_Bi.Hy@consulting.com,NULL
33-4065117,Rutledge,Biggans,54,male,Accounting,157022,Rutledge_Bi.Hy@consulting.com,NULL
68-1435644,Collen,Biglin,35,female,Accounting,176238,Collen_Bi.Hy@consulting.com,NULL
31-3325535,Forrester,Bignold,35,female,Accounting,141144,Forrester_Bi.Re@consulting.com,NULL
98-4632142,Nissa,Billes,58,female,Accounting,174803,Nissa_Bi.Re@consulting.com,NULL
95-2174747,Maressa,Billo,43,male,Accounting,123654,Maressa_Bi.Re@consulting.com,NULL
47-7351621,Timothee,Bindin,25,male,Accounting,96149,Timothee_Bi.Re@consulting.com,NULL
22-1870921,Philly,Binnie,52,male,Accounting,166564,Philly_Bi.Hy@consulting.com,NULL
25-3240253,Emelita,Birdfield,28,male,Accounting,160268,Emelita_Bi.Re@consulting.com,NULL
24-9883924,Georgette,Birtwhistle,43,male,Accounting,116243,Georgette_Bi.Hy@consulting.com,NULL
31-1278141,Neron,Bisacre,27,male,Accounting,76595,Neron_Bi.Hy@consulting.com,"2006-08-30 03:43:32"
64-1937726,Gustavo,Bister,54,male,Accounting,87702,Gustavo_Bi.Hy@consulting.com,"2005-01-17 01:11:58"
57-7731893,Lowrance,Blabber,54,female,Accounting,102824,Lowrance_Bl.Re@consulting.com,"2018-04-27 01:01:02"
60-9316290,Modestine,Black,59,female,Accounting,147471,Modestine_Bl.Re@consulting.com,NULL
75-2963548,Francyne,Black,43,male,Accounting,162510,Francyne_Bl.Re@consulting.com,NULL
99-4840272,Robbert,Blackader,23,female,Accounting,184823,Robbert_Bl.Hy@consulting.com,NULL
85-1839229,Alair,Blacklawe,49,female,Accounting,70423,Alair_Bl.Hy@consulting.com,NULL
70-9171154,Kendell,Blackledge,50,male,Accounting,126427,Kendell_Bl.Hy@consulting.com,NULL
31-2567096,Roth,Blackleech,46,male,Accounting,145949,Roth_Bl.Hy@consulting.com,NULL
79-7027538,Averell,Blacklidge,51,female,Accounting,157363,Averell_Bl.Re@consulting.com,"2022-10-06 23:45:33"
71-7059842,Audry,Blackmore,52,male,Accounting,91314,Audry_Bl.Hy@consulting.com,NULL
81-2251334,Krispin,Blades,30,male,Accounting,163868,Krispin_Bl.Hy@consulting.com,"2018-08-24 12:47:36"
35-4208320,Bailie,Blades,39,female,Accounting,173372,Bailie_Bl.Re@consulting.com,NULL
24-1530419,Kris,Blampied,33,male,Accounting,123192,Kris_Bl.Re@consulting.com,NULL
92-7179351,Bondy,Blasli,42,female,Accounting,184483,Bondy_Bl.Re@consulting.com,NULL
60-5828086,Nettle,Blaszkiewicz,52,female,Accounting,146807,Nettle_Bl.Re@consulting.com,NULL
75-0681179,Minny,Blaver,42,male,Accounting,145493,Minny_Bl.Re@consulting.com,NULL
74-7697664,Breanne,Blaxill,54,male,Accounting,97740,Breanne_Bl.Re@consulting.com,NULL
00-7102476,Cammy,Bleakman,42,male,Accounting,163199,Cammy_Bl.Hy@consulting.com,NULL
32-7270419,Luigi,Bleas,24,female,Accounting,105681,Luigi_Bl.Hy@consulting.com,NULL
52-4097998,Jed,Bleasby,50,male,Accounting,77463,Jed_Bl.Re@consulting.com,NULL
21-8745918,Clerissa,Blees,32,male,Accounting,140525,Clerissa_Bl.Re@consulting.com,NULL
96-9943398,Luci,Blemen,51,male,Accounting,86332,Luci_Bl.Re@consulting.com,NULL
28-0038743,Gray,Blethyn,53,female,Accounting,175481,Gray_Bl.Hy@consulting.com,"2022-09-29 18:14:50"
47-2574148,Carry,Blewitt,46,female,Accounting,145123,Carry_Bl.Hy@consulting.com,NULL
17-4166663,Marya,Bleything,32,male,Accounting,128434,Marya_Bl.Hy@consulting.com,NULL
75-8539984,Junia,Blissett,32,female,Accounting,168841,Junia_Bl.Re@consulting.com,NULL
50-1037877,Maximo,Block,53,male,Accounting,167585,Maximo_Bl.Hy@consulting.com,NULL
95-2020571,Otis,Boake,52,female,Accounting,125151,Otis_Bo.Hy@consulting.com,NULL
65-9232025,Alvy,Boaler,36,female,Accounting,98516,Alvy_Bo.Re@consulting.com,NULL
62-2428605,Breanne,Boar,42,male,Accounting,133508,Breanne_Bo.Hy@consulting.com,NULL
71-1839109,Bryn,Bocock,51,female,Accounting,122016,Bryn_Bo.Hy@consulting.com,NULL
54-3937986,Marsha,Bodd,38,female,Accounting,98934,Marsha_Bo.Re@consulting.com,NULL
96-9972356,Dory,Bogges,36,male,Accounting,122972,Dory_Bo.Re@consulting.com,NULL
02-7324881,Sauncho,Bogges,43,female,Accounting,184587,Sauncho_Bo.Hy@consulting.com,NULL
72-2990112,Rockey,Bohler,58,male,Accounting,129503,Rockey_Bo.Re@consulting.com,NULL
65-7076107,Erich,Bohlin,33,female,Accounting,161549,Erich_Bo.Hy@consulting.com,NULL
23-2908618,Celle,Bohling,36,male,Accounting,105979,Celle_Bo.Re@consulting.com,NULL
47-5741112,Thorndike,Bolan,58,male,Accounting,148184,Thorndike_Bo.Re@consulting.com,NULL
19-1410256,Georgia,Bolesma,27,female,Accounting,114513,Georgia_Bo.Hy@consulting.com,NULL
30-5178239,Alfred,Bompas,47,female,Accounting,126803,Alfred_Bo.Re@consulting.com,NULL
86-1285449,Jarred,Bonnick,52,female,Accounting,177236,Jarred_Bo.Hy@consulting.com,NULL
62-9019149,Codi,Bonnor,47,female,Accounting,150267,Codi_Bo.Re@consulting.com,"2007-01-30 03:01:59"
03-4552124,Melissa,Bonnor,30,male,Accounting,106536,Melissa_Bo.Re@consulting.com,NULL
92-0865738,Ainslee,Bonwell,31,female,Accounting,159488,Ainslee_Bo.Re@consulting.com,NULL
82-7387845,Olag,Bootland,27,female,Accounting,184836,Olag_Bo.Hy@consulting.com,NULL
41-0426328,Galvan,Booty,29,female,Accounting,127011,Galvan_Bo.Hy@consulting.com,NULL
28-8997521,Hazel,Boram,53,male,Accounting,74023,Hazel_Bo.Re@consulting.com,NULL
36-9036632,Adara,Borg-Bartolo,54,male,Accounting,118966,Adara_Bo.Re@consulting.com,NULL
14-5411954,Deloris,Borghese,52,male,Accounting,184188,Deloris_Bo.Re@consulting.com,"2024-07-21 11:10:08"
46-1154993,Andriana,Borres,34,male,Accounting,88696,Andriana_Bo.Hy@consulting.com,NULL
42-2305754,Ahmed,Bosher,29,male,Accounting,73227,Ahmed_Bo.Hy@consulting.com,NULL
15-8096686,Tabatha,Boskell,28,male,Accounting,73597,Tabatha_Bo.Hy@consulting.com,NULL
77-4977622,Sutton,Bosse,25,female,Accounting,72010,Sutton_Bo.Hy@consulting.com,"2014-11-02 07:29:37"
14-2715375,Lynnelle,Bosworth,41,female,Accounting,124400,Lynnelle_Bo.Hy@consulting.com,NULL
27-0048592,Holt,Bottelstone,24,male,Accounting,144269,Holt_Bo.Re@consulting.com,"2014-06-28 13:32:31"
72-3988675,Stormi,Bottinelli,55,male,Accounting,87049,Stormi_Bo.Re@consulting.com,NULL
22-7716123,Aube,Botton,30,male,Accounting,119619,Aube_Bo.Re@consulting.com,NULL
83-2829664,Devina,Boulding,54,male,Accounting,167323,Devina_Bo.Hy@consulting.com,NULL
07-0760682,Jervis,Boulsher,51,female,Accounting,108817,Jervis_Bo.Hy@consulting.com,NULL
35-8719727,Stanwood,Bourcq,35,female,Accounting,82352,Stanwood_Bo.Hy@consulting.com,NULL
80-0263979,Travers,Bourdas,27,male,Accounting,86341,Travers_Bo.Hy@consulting.com,NULL
01-0116125,Upton,Bowater,53,female,Accounting,75007,Upton_Bo.Hy@consulting.com,NULL
93-9828633,Lou,Bowich,56,female,Accounting,163510,Lou_Bo.Re@consulting.com,NULL
53-5607887,Sari,Bowness,48,female,Accounting,127956,Sari_Bo.Re@consulting.com,NULL
01-4624711,Nanon,Boycott,37,female,Accounting,99613,Nanon_Bo.Hy@consulting.com,NULL
73-4479204,Emery,Boyford,34,female,Accounting,131924,Emery_Bo.Hy@consulting.com,NULL
94-1518661,Pacorro,Boyles,33,male,Accounting,89039,Pacorro_Bo.Re@consulting.com,"2025-09-22 06:58:48"
45-9367737,Katharina,Braben,37,male,Accounting,127425,Katharina_Br.Hy@consulting.com,NULL
32-2921076,Ivett,Bracegirdle,57,male,Accounting,171591,Ivett_Br.Hy@consulting.com,"2008-05-02 11:54:00"
28-9116392,Ad,Bradbeer,35,male,Accounting,160286,Ad_Br.Re@consulting.com,NULL
37-8300035,Lancelot,Bradbeer,50,female,Accounting,92447,Lancelot_Br.Hy@consulting.com,NULL
24-1344144,Shurlocke,Bradder,31,male,Accounting,154251,Shurlocke_Br.Re@consulting.com,NULL
84-4951268,Ailene,Braddick,51,female,Accounting,149250,Ailene_Br.Re@consulting.com,NULL
10-4136407,Padriac,Bradnocke,55,female,Accounting,118074,Padriac_Br.Re@consulting.com,NULL
84-1944732,Arley,Bradshaw,24,female,Accounting,79285,Arley_Br.Re@consulting.com,NULL
64-6999393,Karlik,Brahan,46,female,Accounting,122959,Karlik_Br.Hy@consulting.com,NULL
57-4404090,Tresa,Brailsford,38,female,Accounting,115237,Tresa_Br.Hy@consulting.com,NULL
28-7550580,Damaris,Brainsby,40,female,Accounting,69580,Damaris_Br.Hy@consulting.com,"2010-10-06 14:29:49"
06-9140329,Niki,Brakewell,35,male,Accounting,177475,Niki_Br.Re@consulting.com,NULL
91-1469116,Violet,Bramelt,46,female,Accounting,76761,Violet_Br.Re@consulting.com,NULL
01-4857076,Goddart,Bramford,46,male,Accounting,132301,Goddart_Br.Re@consulting.com,NULL
60-9638987,Kevina,Brandi,45,male,Accounting,160359,Kevina_Br.Re@consulting.com,NULL
04-1436193,Karla,Braney,42,female,Accounting,122107,Karla_Br.Re@consulting.com,"2018-09-10 03:53:07"
01-4227090,Ethelind,Bransdon,37,female,Accounting,81383,Ethelind_Br.Hy@consulting.com,NULL
48-3057208,Galven,Bransom,52,female,Accounting,70403,Galven_Br.Re@consulting.com,NULL
75-7119806,Milli,Branthwaite,53,male,Accounting,157202,Milli_Br.Re@consulting.com,NULL
61-5211577,Theo,Brantl,59,female,Accounting,79819,Theo_Br.Hy@consulting.com,NULL
24-0443388,Rochester,Brattan,28,male,Accounting,153895,Rochester_Br.Hy@consulting.com,NULL
60-0026906,Hestia,Bratten,53,male,Accounting,132586,Hestia_Br.Hy@consulting.com,NULL
18-1084471,Bernardo,Bratty,48,female,Accounting,87152,Bernardo_Br.Re@consulting.com,NULL
92-5421198,Dmitri,Brawson,31,male,Accounting,141271,Dmitri_Br.Hy@consulting.com,NULL
50-4655844,Shane,Braybrookes,53,male,Accounting,156150,Shane_Br.Re@consulting.com,NULL
75-3505109,Loutitia,Brayley,25,male,Accounting,144496,Loutitia_Br.Hy@consulting.com,NULL
53-9882894,Claudette,Braywood,28,female,Accounting,85426,Claudette_Br.Re@consulting.com,NULL
30-5011658,Artie,Brazer,42,male,Accounting,112965,Artie_Br.Hy@consulting.com,"2017-07-22 01:09:56"
19-1450109,Pancho,Breeze,39,male,Accounting,135311,Pancho_Br.Re@consulting.com,NULL
22-3735427,Karena,Breming,47,male,Accounting,110092,Karena_Br.Hy@consulting.com,NULL
34-7821002,Goldia,Breming,51,female,Accounting,69890,Goldia_Br.Re@consulting.com,NULL
88-4590821,Merwin,Breslin,24,female,Accounting,161609,Merwin_Br.Hy@consulting.com,"2006-05-03 09:31:53"
80-8597836,Jordana,Brett,50,female,Accounting,134297,Jordana_Br.Hy@consulting.com,NULL
89-1399195,Gretchen,Brevitt,54,female,Accounting,85321,Gretchen_Br.Re@consulting.com,NULL
47-9560826,Cyndie,Brewerton,46,male,Accounting,80090,Cyndie_Br.Re@consulting.com,NULL
36-9482774,Gaye,Brewett,40,female,Accounting,123758,Gaye_Br.Hy@consulting.com,NULL
93-9650788,Alejandrina,Brewse,36,male,Accounting,140608,Alejandrina_Br.Re@consulting.com,NULL
15-6228183,Randee,Bricket,43,male,Accounting,87393,Randee_Br.Hy@consulting.com,NULL
61-5761475,Kenyon,Bridgewater,31,female,Accounting,113417,Kenyon_Br.Re@consulting.com,NULL
99-4718658,Gare,Brigg,40,male,Accounting,79719,Gare_Br.Hy@consulting.com,NULL
62-5057906,Lenore,Brighouse,46,male,Accounting,184501,Lenore_Br.Hy@consulting.com,NULL
07-1559052,Nance,Brinded,45,male,Accounting,127220,Nance_Br.Re@consulting.com,NULL
42-3004335,Cecilio,Brise,40,male,Accounting,170531,Cecilio_Br.Re@consulting.com,NULL
63-6714702,Brand,Brisker,25,female,Accounting,114465,Brand_Br.Hy@consulting.com,NULL
44-2798672,Winslow,Britcher,53,female,Accounting,176721,Winslow_Br.Hy@consulting.com,"2015-05-27 14:01:14"
48-7464578,Sterling,Brockwell,49,male,Accounting,183359,Sterling_Br.Hy@consulting.com,NULL
02-8480785,Lindi,Brogan,55,male,Accounting,169054,Lindi_Br.Hy@consulting.com,NULL
22-4108759,Niels,Brooking,27,male,Accounting,152016,Niels_Br.Re@consulting.com,NULL
76-8343710,Parsifal,Brosio,34,female,Accounting,129900,Parsifal_Br.Hy@consulting.com,NULL
41-7763307,Franciska,Broske,25,female,Accounting,92738,Franciska_Br.Hy@consulting.com,NULL
03-1812727,Claudina,Brotheridge,45,female,Accounting,173529,Claudina_Br.Hy@consulting.com,NULL
03-6230242,Barbra,Brotherton,25,female,Accounting,88089,Barbra_Br.Hy@consulting.com,"2022-06-04 08:49:50"
14-8476285,Tabatha,Brotherwood,58,male,Accounting,118037,Tabatha_Br.Hy@consulting.com,NULL
74-0037710,Tabb,Broune,41,male,Accounting,114628,Tabb_Br.Re@consulting.com,"2019-09-13 20:21:24"
64-0953082,Evangeline,Brower,30,female,Accounting,176779,Evangeline_Br.Re@consulting.com,"2011-05-08 03:20:23"
25-2772144,Gabrielle,Browett,53,male,Accounting,180438,Gabrielle_Br.Re@consulting.com,NULL
30-5058840,Theresa,Brownbill,36,female,Accounting,66005,Theresa_Br.Re@consulting.com,NULL
24-2429114,Vickie,Brugman,45,female,Accounting,156291,Vickie_Br.Re@consulting.com,"2007-08-28 21:50:06"
89-1093114,Goldia,Bruinsma,32,male,Accounting,105439,Goldia_Br.Re@consulting.com,NULL
09-3206435,Christina,Brunelli,48,male,Accounting,183344,Christina_Br.Hy@consulting.com,NULL
30-5007824,Lia,Bruneton,45,male,Accounting,163409,Lia_Br.Hy@consulting.com,NULL
47-5480943,Cynthy,Brunke,39,female,Accounting,77524,Cynthy_Br.Re@consulting.com,NULL
86-6679349,Monica,Brunning,48,male,Accounting,133652,Monica_Br.Hy@consulting.com,NULL
67-9015389,Donovan,Brunroth,25,male,Accounting,175284,Donovan_Br.Hy@consulting.com,NULL
50-2491056,Quintana,Bruyntjes,34,female,Accounting,69982,Quintana_Br.Re@consulting.com,NULL
52-7045714,Nadya,Buckthorp,58,male,Accounting,119687,Nadya_Bu.Hy@consulting.com,NULL
46-6588788,Cherilynn,Budgen,36,female,Accounting,138994,Cherilynn_Bu.Hy@consulting.com,NULL
81-7961527,Talya,Budnik,35,female,Accounting,152871,Talya_Bu.Re@consulting.com,"2018-08-15 16:09:30"
20-7330220,Puff,Bugge,58,male,Accounting,102349,Puff_Bu.Hy@consulting.com,NULL
91-4687564,Truman,Bugler,34,male,Accounting,147829,Truman_Bu.Hy@consulting.com,NULL
39-0301568,Fidela,Buick,23,female,Accounting,184350,Fidela_Bu.Hy@consulting.com,NULL
95-7137496,Delmar,Bullard,32,male,Accounting,181067,Delmar_Bu.Hy@consulting.com,NULL
21-9704921,Claybourne,Bullimore,27,male,Accounting,176017,Claybourne_Bu.Re@consulting.com,NULL
34-6345997,Jennette,Bumpas,38,female,Accounting,169592,Jennette_Bu.Hy@consulting.com,NULL
44-0842756,Vivienne,Bunker,35,male,Accounting,160012,Vivienne_Bu.Hy@consulting.com,NULL
99-2837871,Oswald,Bunner,25,female,Accounting,184391,Oswald_Bu.Hy@consulting.com,NULL
27-0255303,Adeline,Bunney,29,female,Accounting,172090,Adeline_Bu.Re@consulting.com,NULL
93-3838834,Jesselyn,Bunyard,37,female,Accounting,136385,Jesselyn_Bu.Re@consulting.com,NULL
84-0248206,Hamilton,Burchfield,32,female,Accounting,119527,Hamilton_Bu.Hy@consulting.com,NULL
12-6902564,Deane,Burdge,36,female,Accounting,108674,Deane_Bu.Re@consulting.com,NULL
55-6639420,Dodi,Burhill,47,female,Accounting,84857,Dodi_Bu.Hy@consulting.com,NULL
87-3998742,Bonnie,Burleigh,54,female,Accounting,131493,Bonnie_Bu.Hy@consulting.com,"2017-07-07 06:23:36"
12-2590367,Verge,Burnep,29,female,Accounting,135493,Verge_Bu.Hy@consulting.com,NULL
42-6467399,Romeo,Burniston,39,male,Accounting,139683,Romeo_Bu.Hy@consulting.com,"2009-05-21 22:21:32"
53-5703469,Hyacinthia,Burnsall,31,male,Accounting,79977,Hyacinthia_Bu.Re@consulting.com,NULL
81-2947311,Inesita,Burras,50,male,Accounting,71501,Inesita_Bu.Hy@consulting.com,NULL
21-1797453,Bryan,BURWIN,37,female,Accounting,87990,Bryan_BU.Hy@consulting.com,NULL
74-4820186,Tonia,Bury,29,female,Accounting,156765,Tonia_Bu.Hy@consulting.com,NULL
31-9581813,Ferd,Bus,24,female,Accounting,173673,Ferd_Bu.Re@consulting.com,"2009-09-10 20:00:40"
07-3263457,Mirabel,Busch,32,male,Accounting,139950,Mirabel_Bu.Hy@consulting.com,NULL
31-8819664,Rosana,Bushell,45,male,Accounting,78634,Rosana_Bu.Re@consulting.com,NULL
20-3422866,Eb,Butchers,53,male,Accounting,77591,Eb_Bu.Hy@consulting.com,NULL
15-4645417,Denis,Butt,31,female,Accounting,153222,Denis_Bu.Hy@consulting.com,NULL
43-4829491,Richie,Butter,23,female,Accounting,141735,Richie_Bu.Re@consulting.com,NULL
10-2285558,Bernete,Butterfill,53,female,Accounting,142666,Bernete_Bu.Hy@consulting.com,NULL
33-6901725,Amity,Butts,27,male,Accounting,111069,Amity_Bu.Re@consulting.com,NULL
35-2603864,Tricia,Buxton,52,male,Accounting,91408,Tricia_Bu.Hy@consulting.com,NULL
46-8995486,Benjamin,Buye,24,male,Accounting,68472,Benjamin_Bu.Re@consulting.com,NULL
05-4786250,Starr,Bynert,45,male,Accounting,102135,Starr_By.Hy@consulting.com,NULL
94-8336728,Lynna,Byram,58,female,Accounting,154196,Lynna_By.Re@consulting.com,NULL
93-4458619,Anthony,Byrnes,38,female,Accounting,127710,Anthony_By.Re@consulting.com,NULL
34-7825125,Lynnette,Bywaters,31,male,Accounting,154584,Lynnette_By.Re@consulting.com,NULL
29-7874736,Conrado,Cabbell,59,female,Accounting,77818,Conrado_Ca.Re@consulting.com,NULL
36-0866980,Candra,Cabrara,46,male,Accounting,131303,Candra_Ca.Hy@consulting.com,NULL
51-7853818,Lynda,Caddies,48,male,Accounting,151621,Lynda_Ca.Re@consulting.com,NULL
75-5843153,Burg,Cadogan,42,female,Accounting,110788,Burg_Ca.Re@consulting.com,NULL
03-7949684,Elly,Cafe,25,male,Accounting,161431,Elly_Ca.Hy@consulting.com,NULL
23-9648585,Ambrosius,Caff,28,female,Accounting,105255,Ambrosius_Ca.Hy@consulting.com,"2014-05-04 22:41:48"
57-4185289,Delainey,Caisley,46,male,Accounting,162188,Delainey_Ca.Re@consulting.com,NULL
96-0178493,Grace,Cakebread,37,female,Accounting,89752,Grace_Ca.Re@consulting.com,NULL
65-3547380,Wainwright,Calderhead,52,male,Accounting,182497,Wainwright_Ca.Re@consulting.com,NULL
18-0423042,Gerta,Caldero,57,female,Accounting,83427,Gerta_Ca.Re@consulting.com,NULL
34-4919309,Tedie,Callander,43,male,Accounting,137285,Tedie_Ca.Hy@consulting.com,"2016-09-05 15:03:15"
46-5208649,Emmey,Callen,29,female,Accounting,95987,Emmey_Ca.Re@consulting.com,NULL
31-1327252,Berget,Caller,57,female,Accounting,142159,Berget_Ca.Re@consulting.com,NULL
39-4243558,Eustace,Callow,38,female,Accounting,137671,Eustace_Ca.Hy@consulting.com,"2019-11-12 19:37:56"
76-1411403,Jessalin,Callway,38,male,Accounting,176671,Jessalin_Ca.Hy@consulting.com,NULL
35-1137848,Ferdinanda,Calvert,23,female,Accounting,136365,Ferdinanda_Ca.Re@consulting.com,NULL
64-8767106,Casi,Calvie,39,female,Accounting,112779,Casi_Ca.Re@consulting.com,"2020-10-27 08:16:43"
30-6345433,Dorrie,Camel,42,male,Accounting,133017,Dorrie_Ca.Re@consulting.com,NULL
38-7304618,Alyce,Camell,29,male,Accounting,122261,Alyce_Ca.Re@consulting.com,NULL
23-2723018,Natasha,Camili,58,male,Accounting,87520,Natasha_Ca.Hy@consulting.com,NULL
77-1673999,Beale,Cammis,57,male,Accounting,128097,Beale_Ca.Hy@consulting.com,NULL
22-5265067,Trescha,Cammock,44,male,Accounting,137464,Trescha_Ca.Hy@consulting.com,NULL
66-8391959,Rutledge,Campaigne,47,male,Accounting,166362,Rutledge_Ca.Re@consulting.com,NULL
31-9811226,Gilberte,Campbell,56,male,Accounting,112246,Gilberte_Ca.Re@consulting.com,"2024-08-15 04:52:37"
25-1771442,Cash,Cantu,25,male,Accounting,171652,Cash_Ca.Hy@consulting.com,NULL
71-6766747,Stuart,Capaldo,33,female,Accounting,89797,Stuart_Ca.Re@consulting.com,NULL
80-9278500,Belicia,Capinetti,31,female,Accounting,139469,Belicia_Ca.Hy@consulting.com,NULL
88-4630373,Ward,Capps,44,male,Accounting,130653,Ward_Ca.Hy@consulting.com,NULL
17-7891963,Heddi,Capsey,57,female,Accounting,148706,Heddi_Ca.Re@consulting.com,NULL
67-5010048,Morgen,Carden,26,female,Accounting,135762,Morgen_Ca.Re@consulting.com,NULL
47-0189816,Charline,Cardenas,27,male,Accounting,133064,Charline_Ca.Hy@consulting.com,NULL
75-7896363,Sallyann,Cardenas,49,female,Accounting,169015,Sallyann_Ca.Re@consulting.com,"2022-10-24 20:33:45"
83-9984653,Mar,Cardenosa,57,male,Accounting,98778,Mar_Ca.Re@consulting.com,NULL
34-0286573,Madlin,Cardinale,49,male,Accounting,116770,Madlin_Ca.Re@consulting.com,NULL
52-0083306,Zaneta,Cardwell,29,male,Accounting,115991,Zaneta_Ca.Hy@consulting.com,NULL
33-0791718,Martita,Carek,53,male,Accounting,111908,Martita_Ca.Re@consulting.com,"2008-03-23 10:25:21"
13-2862396,Birk,Caress,49,female,Accounting,97621,Birk_Ca.Hy@consulting.com,NULL
89-9438011,Reeta,Caress,36,male,Accounting,76328,Reeta_Ca.Re@consulting.com,NULL
04-0609290,Dorthea,Careswell,50,female,Accounting,149424,Dorthea_Ca.Re@consulting.com,NULL
03-3065184,Emmott,Cargenven,28,female,Accounting,101451,Emmott_Ca.Re@consulting.com,"2016-11-02 05:52:40"
05-9486218,Maiga,Carhart,30,female,Accounting,87142,Maiga_Ca.Re@consulting.com,NULL
67-9191721,Efrem,Carless,39,male,Accounting,181975,Efrem_Ca.Re@consulting.com,NULL
95-6332864,Lesley,Carloni,43,female,Accounting,168267,Lesley_Ca.Re@consulting.com,NULL
23-9010492,Malynda,Carlton,57,female,Accounting,82500,Malynda_Ca.Hy@consulting.com,NULL
73-4763827,Micky,Caroline,50,male,Accounting,143105,Micky_Ca.Hy@consulting.com,NULL
61-3348038,Garey,Carrabott,48,female,Accounting,139610,Garey_Ca.Re@consulting.com,NULL
65-4834352,Dorey,Carrell,43,female,Accounting,66852,Dorey_Ca.Hy@consulting.com,"2010-11-16 15:42:29"
83-6044737,Theda,Carrier,53,female,Accounting,171450,Theda_Ca.Re@consulting.com,"2023-11-18 05:30:01"
03-0397691,Tabbatha,Carruth,43,male,Accounting,85544,Tabbatha_Ca.Re@consulting.com,NULL
46-6679170,Karin,Cartmer,58,female,Accounting,109819,Karin_Ca.Re@consulting.com,NULL
51-0654935,Lyell,Caruth,43,male,Accounting,114591,Lyell_Ca.Hy@consulting.com,NULL
02-1226234,Elka,Casari,24,male,Accounting,109633,Elka_Ca.Hy@consulting.com,NULL
44-0563371,Warren,Caseley,54,male,Accounting,93912,Warren_Ca.Re@consulting.com,NULL
89-7042491,Arther,Casey,27,male,Accounting,96490,Arther_Ca.Hy@consulting.com,"2013-12-27 11:15:16"
00-1051096,Todd,Cashen,26,female,Accounting,115695,Todd_Ca.Re@consulting.com,NULL
13-3554521,Perry,Caslin,31,male,Accounting,155178,Perry_Ca.Re@consulting.com,NULL
99-3924519,Sascha,Cassedy,53,male,Accounting,151867,Sascha_Ca.Hy@consulting.com,NULL
44-0233696,Gweneth,Cassius,44,male,Accounting,140499,Gweneth_Ca.Hy@consulting.com,NULL
94-4086350,Coretta,Castellino,36,female,Accounting,159677,Coretta_Ca.Hy@consulting.com,"2012-08-07 07:13:14"
94-6427090,Patsy,Cathcart,31,female,Accounting,118579,Patsy_Ca.Re@consulting.com,NULL
38-6954687,Lizzie,Caughte,27,male,Accounting,156427,Lizzie_Ca.Re@consulting.com,NULL
15-9384203,Rawley,Cavie,37,male,Accounting,169952,Rawley_Ca.Re@consulting.com,NULL
43-5289630,Mavis,Cavnor,29,female,Accounting,85727,Mavis_Ca.Re@consulting.com,NULL
49-6002354,Maxine,Caws,50,female,Accounting,74085,Maxine_Ca.Re@consulting.com,NULL
95-2471434,Freedman,Cawsby,39,female,Accounting,166992,Freedman_Ca.Hy@consulting.com,NULL
97-1406089,Alvan,Ceschi,54,male,Accounting,139962,Alvan_Ce.Re@consulting.com,NULL
62-1036376,Marsh,Chable,23,male,Accounting,106402,Marsh_Ch.Re@consulting.com,"2013-03-07 01:06:38"
72-6292921,Maurits,Chaffe,47,male,Accounting,181763,Maurits_Ch.Hy@consulting.com,"2020-05-19 14:54:02"
38-5217632,Major,Chaffyn,36,male,Accounting,101502,Major_Ch.Re@consulting.com,NULL
16-8136275,Melissa,Chaman,34,male,Accounting,150179,Melissa_Ch.Re@consulting.com,NULL
84-8797896,Regan,Chamley,49,female,Accounting,115572,Regan_Ch.Hy@consulting.com,NULL
70-9801109,Carlen,Champagne,31,male,Accounting,158572,Carlen_Ch.Re@consulting.com,NULL
12-0608635,Pearline,Chanders,26,male,Accounting,74562,Pearline_Ch.Hy@consulting.com,NULL
96-1597626,Laverna,Channer,30,female,Accounting,162801,Laverna_Ch.Re@consulting.com,NULL
62-1448880,Gretna,Channing,59,female,Accounting,172651,Gretna_Ch.Hy@consulting.com,NULL
80-0232696,Karen,Chansonnau,31,male,Accounting,86929,Karen_Ch.Hy@consulting.com,NULL
98-5413669,Osbert,Chanter,40,male,Accounting,108211,Osbert_Ch.Hy@consulting.com,NULL
68-1177164,Justus,Chapellow,23,male,Accounting,166870,Justus_Ch.Re@consulting.com,NULL
78-8101439,Leonora,Chasemoore,32,male,Accounting,111227,Leonora_Ch.Hy@consulting.com,"2018-07-09 00:45:37"
70-9924490,Cello,Chasen,59,male,Accounting,69945,Cello_Ch.Hy@consulting.com,NULL
02-7865520,Waverly,Chastagnier,46,female,Accounting,114383,Waverly_Ch.Hy@consulting.com,NULL
98-0453266,Howie,Chatelot,48,female,Accounting,135898,Howie_Ch.Re@consulting.com,NULL
49-7294561,Querida,Chattington,52,female,Accounting,81715,Querida_Ch.Re@consulting.com,NULL
72-3692591,Terencio,Chatwin,25,male,Accounting,119713,Terencio_Ch.Hy@consulting.com,NULL
39-2374355,Stearne,Chazelas,34,male,Accounting,157787,Stearne_Ch.Re@consulting.com,NULL
17-1010288,Dougie,Checci,50,male,Accounting,132934,Dougie_Ch.Re@consulting.com,NULL
39-5315566,Etty,Cheeseman,34,female,Accounting,100430,Etty_Ch.Re@consulting.com,NULL
07-1173657,Rex,Cheesman,50,male,Accounting,136401,Rex_Ch.Re@consulting.com,NULL
60-9639349,Ariadne,Cheshir,28,male,Accounting,139343,Ariadne_Ch.Hy@consulting.com,NULL
81-8569436,Towney,Cheshire,26,male,Accounting,109755,Towney_Ch.Hy@consulting.com,NULL
93-2360640,Daisi,Chidler,35,male,Accounting,99188,Daisi_Ch.Hy@consulting.com,"2003-04-30 20:12:40"
15-8348769,Niall,Chiechio,36,female,Accounting,179732,Niall_Ch.Re@consulting.com,NULL
83-6361305,Nessy,Chipperfield,33,female,Accounting,179403,Nessy_Ch.Hy@consulting.com,NULL
17-4429262,Martie,Chisholm,55,female,Accounting,81063,Martie_Ch.Re@consulting.com,NULL
85-4973195,Osgood,Chittem,26,female,Accounting,115806,Osgood_Ch.Hy@consulting.com,NULL
37-2084359,Briano,Chivrall,28,male,Accounting,180541,Briano_Ch.Hy@consulting.com,NULL
87-8661480,Carleen,Choak,43,female,Accounting,162264,Carleen_Ch.Re@consulting.com,NULL
80-2787234,Avrom,Choake,41,female,Accounting,141465,Avrom_Ch.Re@consulting.com,NULL
99-5480229,Stuart,Cholerton,36,male,Accounting,183554,Stuart_Ch.Re@consulting.com,NULL
80-5867526,Robinson,Chomiszewski,51,female,Accounting,145488,Robinson_Ch.Re@consulting.com,NULL
69-0953689,Guillaume,Choppen,35,male,Accounting,127508,Guillaume_Ch.Re@consulting.com,NULL
91-7235984,Angela,Chotty,31,male,Accounting,117970,Angela_Ch.Re@consulting.com,"2005-04-10 00:37:17"
64-1403015,Tammi,Chown,50,male,Accounting,159141,Tammi_Ch.Hy@consulting.com,NULL
98-6187948,Hilliary,Chretien,32,female,Accounting,71618,Hilliary_Ch.Re@consulting.com,NULL
52-5541593,Orazio,Chrishop,42,female,Accounting,71841,Orazio_Ch.Hy@consulting.com,NULL
95-3448521,Alene,Christon,24,female,Accounting,82636,Alene_Ch.Hy@consulting.com,NULL
60-9047953,Deva,Christophe,58,female,Accounting,93043,Deva_Ch.Re@consulting.com,NULL
91-3903024,Burch,Christopherson,53,male,Accounting,67025,Burch_Ch.Hy@consulting.com,"2019-09-05 08:01:29"
96-2141180,Bobby,Christy,39,male,Accounting,66688,Bobby_Ch.Hy@consulting.com,NULL
15-8379226,Ysabel,Chugg,53,female,Accounting,92658,Ysabel_Ch.Re@consulting.com,NULL
70-8754025,Glyn,Ciccetti,26,male,Accounting,109450,Glyn_Ci.Hy@consulting.com,"2013-12-24 01:05:51"
27-4720969,Hanna,Cicchetto,55,male,Accounting,143295,Hanna_Ci.Re@consulting.com,NULL
79-3599129,Emilio,Cicetti,49,male,Accounting,123442,Emilio_Ci.Hy@consulting.com,NULL
91-1103267,Tedra,Ciementini,36,male,Accounting,123717,Tedra_Ci.Hy@consulting.com,"2011-04-16 10:58:46"
01-7876988,Eilis,Cinderey,45,male,Accounting,149710,Eilis_Ci.Hy@consulting.com,NULL
45-1070306,Evania,Cirlos,42,male,Accounting,182991,Evania_Ci.Re@consulting.com,NULL
70-2148439,Shawn,Clampton,54,male,Accounting,132590,Shawn_Cl.Re@consulting.com,NULL
91-8885599,Tony,Clarage,51,male,Accounting,77171,Tony_Cl.Re@consulting.com,NULL
67-7048235,Kali,Clarricoates,57,female,Accounting,147502,Kali_Cl.Re@consulting.com,NULL
34-8814422,Terrell,Clayden,26,female,Accounting,164102,Terrell_Cl.Re@consulting.com,NULL
52-4206363,Fowler,Claydon,41,female,Accounting,145075,Fowler_Cl.Re@consulting.com,NULL
63-4480324,Erhart,Clayson,36,male,Accounting,181112,Erhart_Cl.Hy@consulting.com,NULL
09-4070343,Lena,Clayson,33,female,Accounting,77628,Lena_Cl.Re@consulting.com,NULL
44-8493146,Dolley,Clayton,28,male,Accounting,118804,Dolley_Cl.Hy@consulting.com,NULL
02-7252298,Ted,Clears,25,male,Accounting,72495,Ted_Cl.Hy@consulting.com,"2015-03-24 10:31:22"
19-7069956,Rivi,Cleary,28,male,Accounting,141287,Rivi_Cl.Hy@consulting.com,NULL
53-1032836,Artur,Cleaves,27,female,Accounting,145939,Artur_Cl.Hy@consulting.com,NULL
14-4722880,Kissiah,Clemens,52,female,Accounting,71242,Kissiah_Cl.Re@consulting.com,NULL
25-9968088,Aurelia,Clemenzo,31,female,Accounting,164901,Aurelia_Cl.Re@consulting.com,NULL
51-8991520,Earvin,Cleobury,45,female,Accounting,91225,Earvin_Cl.Re@consulting.com,NULL
61-9537651,Chauncey,Clerc,55,female,Accounting,164182,Chauncey_Cl.Hy@consulting.com,NULL
65-7035885,Way,Clere,35,female,Accounting,150839,Way_Cl.Hy@consulting.com,NULL
57-7529482,Darrell,Clerk,28,female,Accounting,183815,Darrell_Cl.Hy@consulting.com,NULL
34-3762833,Silvester,Cleugh,52,male,Accounting,126191,Silvester_Cl.Hy@consulting.com,NULL
40-1244180,Debby,Clibbery,39,male,Accounting,109733,Debby_Cl.Re@consulting.com,NULL
77-7206380,Elias,Climance,37,male,Accounting,93848,Elias_Cl.Hy@consulting.com,NULL
56-2556795,Lenora,Climie,55,male,Accounting,129978,Lenora_Cl.Hy@consulting.com,NULL
13-9725683,Colly,Clint,59,female,Accounting,107188,Colly_Cl.Re@consulting.com,"2011-03-06 02:51:29"
49-5448929,Carl,Clissell,34,female,Accounting,132009,Carl_Cl.Re@consulting.com,NULL
36-6252951,Billi,Clotworthy,38,female,Accounting,138446,Billi_Cl.Re@consulting.com,"2022-02-20 13:53:03"
04-3481867,Elga,Clough,31,female,Accounting,67861,Elga_Cl.Hy@consulting.com,NULL
59-5080181,Garnet,Clouston,58,female,Accounting,68254,Garnet_Cl.Re@consulting.com,NULL
42-8957029,Wyatan,Cloy,46,male,Accounting,174471,Wyatan_Cl.Hy@consulting.com,NULL
66-1454164,Niels,Coast,49,female,Accounting,84335,Niels_Co.Re@consulting.com,NULL
34-6434077,Gui,Coatham,48,male,Accounting,114085,Gui_Co.Hy@consulting.com,NULL
91-4330067,Melesa,Cobley,32,female,Accounting,180824,Melesa_Co.Re@consulting.com,NULL
85-1903362,Pete,Cockcroft,58,male,Accounting,109168,Pete_Co.Re@consulting.com,NULL
88-3047517,Erek,Codner,39,male,Accounting,133912,Erek_Co.Re@consulting.com,NULL
03-0027869,Shepard,Codrington,45,male,Accounting,168900,Shepard_Co.Hy@consulting.com,NULL
19-4364299,Celisse,Cogdon,31,male,Accounting,87924,Celisse_Co.Hy@consulting.com,"2016-11-09 18:14:58"
01-8688584,Jesselyn,Coggin,34,female,Accounting,159165,Jesselyn_Co.Hy@consulting.com,NULL
58-1720192,Susanna,Coils,33,male,Accounting,154839,Susanna_Co.Re@consulting.com,NULL
30-3966132,Leonanie,Colbran,58,female,Accounting,152481,Leonanie_Co.Re@consulting.com,"2005-08-16 20:59:28"
26-0150510,Marc,Colbridge,34,male,Accounting,155902,Marc_Co.Re@consulting.com,NULL
31-3294273,Gratia,Colcomb,60,male,Accounting,174470,Gratia_Co.Hy@consulting.com,NULL
21-9895343,Caro,Coldrick,28,male,Accounting,149627,Caro_Co.Hy@consulting.com,NULL
15-4871348,Neville,Colegrove,35,female,Accounting,93255,Neville_Co.Hy@consulting.com,NULL
14-2417723,Libby,Colkett,40,female,Accounting,86100,Libby_Co.Re@consulting.com,NULL
48-1171427,Carey,Coll,24,male,Accounting,99300,Carey_Co.Hy@consulting.com,"2020-09-13 00:08:19"
03-4112886,Hatti,Collcutt,55,male,Accounting,110119,Hatti_Co.Re@consulting.com,NULL
43-8920106,Linn,Collelton,25,male,Accounting,135643,Linn_Co.Re@consulting.com,NULL
58-6410927,Nola,Colliver,26,male,Accounting,65455,Nola_Co.Hy@consulting.com,NULL
59-5304450,Costa,Collomosse,23,female,Accounting,65546,Costa_Co.Re@consulting.com,NULL
10-0790135,Stesha,Colmer,27,male,Accounting,147649,Stesha_Co.Hy@consulting.com,NULL
62-4380730,Erna,Colquit,24,female,Accounting,98603,Erna_Co.Re@consulting.com,NULL
77-1767178,Harvey,Coltart,36,female,Accounting,91379,Harvey_Co.Re@consulting.com,NULL
18-1845160,Alejandro,Colvill,55,female,Accounting,143374,Alejandro_Co.Re@consulting.com,NULL
34-9905709,Kore,Comins,35,female,Accounting,142878,Kore_Co.Hy@consulting.com,NULL
51-9379267,James,Common,40,female,Accounting,152403,James_Co.Hy@consulting.com,NULL
31-7741238,Ike,Commusso,32,female,Accounting,169236,Ike_Co.Re@consulting.com,NULL
75-8633500,Baird,Conaghan,51,male,Accounting,172978,Baird_Co.Hy@consulting.com,NULL
55-9091390,Marin,Condell,32,female,Accounting,107959,Marin_Co.Hy@consulting.com,NULL
03-7105916,Lissi,Cone,36,female,Accounting,90662,Lissi_Co.Re@consulting.com,"2015-03-09 05:45:03"
54-0277324,Aguie,Conechie,50,male,Accounting,102422,Aguie_Co.Hy@consulting.com,"2021-05-18 09:41:51"
42-1985108,Brigg,Coneley,58,male,Accounting,96246,Brigg_Co.Re@consulting.com,NULL
25-7086410,Dael,Congreave,51,female,Accounting,161627,Dael_Co.Hy@consulting.com,NULL
38-7851854,Maddi,Coning,57,male,Accounting,87794,Maddi_Co.Hy@consulting.com,NULL
72-0144041,Zebadiah,Conisbee,51,male,Accounting,182550,Zebadiah_Co.Hy@consulting.com,NULL
85-5406007,Redford,Conniam,33,male,Accounting,87779,Redford_Co.Re@consulting.com,"2012-01-17 12:01:43"
28-2600709,Sharyl,Constable,25,female,Accounting,170091,Sharyl_Co.Hy@consulting.com,NULL
22-1392215,Belicia,Conwell,30,female,Accounting,181705,Belicia_Co.Hy@consulting.com,NULL
28-3854054,Gaultiero,Cooke,25,male,Accounting,137014,Gaultiero_Co.Hy@consulting.com,NULL
00-5070457,Nathaniel,Coolahan,26,female,Accounting,84675,Nathaniel_Co.Re@consulting.com,NULL
54-5408424,Filbert,Coolson,42,female,Accounting,143023,Filbert_Co.Hy@consulting.com,NULL
68-6064592,Agosto,Coppin,53,male,Accounting,172975,Agosto_Co.Hy@consulting.com,NULL
79-5352053,Daloris,Copplestone,23,male,Accounting,129069,Daloris_Co.Re@consulting.com,NULL
29-0295139,Temple,Corballis,38,female,Accounting,68456,Temple_Co.Re@consulting.com,NULL
42-8231961,Terrie,Corbin,32,male,Accounting,174149,Terrie_Co.Hy@consulting.com,NULL
65-1772180,Paola,Cordero,44,female,Accounting,121148,Paola_Co.Hy@consulting.com,NULL
18-6505907,Sharla,Cordes,41,male,Accounting,182949,Sharla_Co.Re@consulting.com,NULL
68-2832920,Goober,Corhard,51,male,Accounting,81458,Goober_Co.Hy@consulting.com,NULL
67-2465620,Brok,Corington,29,male,Accounting,102921,Brok_Co.Hy@consulting.com,NULL
81-1567071,Alexi,Corkill,41,female,Accounting,68872,Alexi_Co.Hy@consulting.com,NULL
49-7817094,Lawry,Corlett,48,female,Accounting,89976,Lawry_Co.Re@consulting.com,"2011-12-04 05:58:01"
08-0951972,Alecia,Corn,28,male,Accounting,136769,Alecia_Co.Hy@consulting.com,NULL
39-5122705,Rois,Corneille,56,male,Accounting,104097,Rois_Co.Re@consulting.com,NULL
53-8511519,Bryn,Cornford,43,male,Accounting,168076,Bryn_Co.Re@consulting.com,NULL
66-5886622,Justus,Cornils,28,male,Accounting,177377,Justus_Co.Hy@consulting.com,NULL
69-0472456,Fredelia,Cornu,39,male,Accounting,125463,Fredelia_Co.Hy@consulting.com,NULL
02-3241469,Abey,Cornuau,46,female,Accounting,112070,Abey_Co.Re@consulting.com,NULL
43-6674299,Shae,Corpe,48,male,Accounting,70487,Shae_Co.Re@consulting.com,NULL
43-1891997,Engelbert,Corrin,52,male,Accounting,135606,Engelbert_Co.Re@consulting.com,NULL
42-9428451,Costanza,Corro,36,female,Accounting,152128,Costanza_Co.Re@consulting.com,"2015-04-07 17:11:03"
92-9086488,Priscilla,Cortin,53,female,Accounting,65069,Priscilla_Co.Hy@consulting.com,"2017-12-27 23:53:42"
79-1633611,Alice,Cortnay,57,male,Accounting,122463,Alice_Co.Hy@consulting.com,NULL
50-0857416,Steffi,Cosans,39,female,Accounting,93100,Steffi_Co.Re@consulting.com,NULL
29-1276306,Alaine,Cosely,42,female,Accounting,145642,Alaine_Co.Hy@consulting.com,NULL
18-0658909,Christabella,Cosser,50,male,Accounting,66018,Christabella_Co.Re@consulting.com,NULL
71-2992890,Lena,Cotherill,59,male,Accounting,136082,Lena_Co.Re@consulting.com,NULL
87-0894556,Vin,Cottam,52,female,Accounting,154722,Vin_Co.Hy@consulting.com,NULL
51-7060492,Camille,Cotterell,50,male,Accounting,89719,Camille_Co.Re@consulting.com,NULL
40-6506725,Douglass,Coucher,28,male,Accounting,161071,Douglass_Co.Hy@consulting.com,NULL
33-2611851,Bertha,Cough,58,female,Accounting,88057,Bertha_Co.Hy@consulting.com,NULL
12-0485176,Alyosha,Cough,33,male,Accounting,109970,Alyosha_Co.Re@consulting.com,NULL
84-5512201,Myca,Coulthard,54,male,Accounting,170708,Myca_Co.Re@consulting.com,NULL
13-4071454,Lainey,Couzens,38,male,Accounting,128184,Lainey_Co.Re@consulting.com,NULL
45-5195772,Karlan,Coventon,35,female,Accounting,165681,Karlan_Co.Re@consulting.com,NULL
19-4577964,Lucius,Coventry,41,male,Accounting,107384,Lucius_Co.Re@consulting.com,NULL
17-5909375,Ricky,Coventry,34,female,Accounting,158988,Ricky_Co.Re@consulting.com,NULL
51-9509860,Marigold,Coverdill,31,male,Accounting,124727,Marigold_Co.Hy@consulting.com,NULL
84-8056833,Madison,Coverly,37,female,Accounting,124429,Madison_Co.Hy@consulting.com,NULL
78-2967992,Constantin,Cowdray,35,female,Accounting,87942,Constantin_Co.Re@consulting.com,NULL
91-4778028,Sheri,Cowell,34,female,Accounting,149159,Sheri_Co.Re@consulting.com,NULL
39-4779174,Phoebe,Cowope,36,female,Accounting,156387,Phoebe_Co.Re@consulting.com,NULL
90-6465497,Issie,Coxall,59,male,Accounting,109943,Issie_Co.Hy@consulting.com,NULL
39-5534639,Mohammed,Cradoc,28,female,Accounting,84287,Mohammed_Cr.Re@consulting.com,NULL
61-2416345,Jandy,Crallan,26,male,Accounting,86701,Jandy_Cr.Hy@consulting.com,NULL
08-7442401,Loy,Crampton,24,male,Accounting,95438,Loy_Cr.Re@consulting.com,NULL
41-8974718,Ed,Cranfield,33,male,Accounting,154038,Ed_Cr.Hy@consulting.com,NULL
80-4378022,Samara,Craster,45,female,Accounting,97792,Samara_Cr.Hy@consulting.com,NULL
73-4339968,Zondra,Crauford,28,female,Accounting,140140,Zondra_Cr.Hy@consulting.com,NULL
88-1178417,Aundrea,Craythorne,40,male,Accounting,162133,Aundrea_Cr.Hy@consulting.com,NULL
22-0760786,Alistair,Creany,55,female,Accounting,157558,Alistair_Cr.Re@consulting.com,NULL
86-1661664,Salvador,Crebo,30,female,Accounting,161755,Salvador_Cr.Hy@consulting.com,NULL
44-3427088,Fielding,Crebott,55,female,Accounting,125129,Fielding_Cr.Hy@consulting.com,"2019-04-01 15:17:26"
79-2225870,Cornela,Creech,23,male,Accounting,116672,Cornela_Cr.Re@consulting.com,NULL
98-0645111,Freedman,Cridlan,49,male,Accounting,68345,Freedman_Cr.Hy@consulting.com,NULL
37-4355482,Corenda,Crighton,34,male,Accounting,123720,Corenda_Cr.Re@consulting.com,NULL
78-3923269,Barr,Crim,48,female,Accounting,87407,Barr_Cr.Hy@consulting.com,NULL
31-2993039,Nev,Critten,46,male,Accounting,113896,Nev_Cr.Re@consulting.com,NULL
46-5536539,Carlita,Croad,53,female,Accounting,166667,Carlita_Cr.Hy@consulting.com,NULL
90-7696765,Reynolds,Croan,54,male,Accounting,167656,Reynolds_Cr.Hy@consulting.com,NULL
63-4962585,Kyrstin,Cromar,49,female,Accounting,71988,Kyrstin_Cr.Re@consulting.com,"2016-07-29 11:41:07"
44-7084770,Bailey,Crome,32,male,Accounting,80750,Bailey_Cr.Hy@consulting.com,NULL
39-3519958,Ingelbert,Cromleholme,35,female,Accounting,84159,Ingelbert_Cr.Re@consulting.com,NULL
38-0789789,Nerissa,Crookshanks,29,male,Accounting,66814,Nerissa_Cr.Re@consulting.com,NULL
95-0735428,Archibold,Croot,42,male,Accounting,112915,Archibold_Cr.Hy@consulting.com,NULL
18-7281246,Haley,Crossthwaite,56,female,Accounting,173912,Haley_Cr.Re@consulting.com,NULL
11-7782551,Lyndsey,Crottagh,23,male,Accounting,104305,Lyndsey_Cr.Re@consulting.com,NULL
88-7048515,Ev,Croughan,46,female,Accounting,82537,Ev_Cr.Re@consulting.com,NULL
61-8932888,Chanda,Crouse,44,male,Accounting,158774,Chanda_Cr.Hy@consulting.com,NULL
22-9811140,Paloma,Crowder,57,female,Accounting,141871,Paloma_Cr.Re@consulting.com,NULL
62-1312293,Gasparo,Crowter,25,male,Accounting,129187,Gasparo_Cr.Re@consulting.com,NULL
58-1250894,Rina,Crowter,42,male,Accounting,142142,Rina_Cr.Hy@consulting.com,NULL
28-9710414,Giuditta,Croxford,53,female,Accounting,179253,Giuditta_Cr.Hy@consulting.com,NULL
53-1512591,Siana,Crut,27,male,Accounting,103496,Siana_Cr.Hy@consulting.com,NULL
46-9115086,Viki,Crutch,31,male,Accounting,142266,Viki_Cr.Re@consulting.com,NULL
09-4578377,Kessiah,Crutchfield,37,male,Accounting,72255,Kessiah_Cr.Hy@consulting.com,NULL
66-0519386,Anni,Cubbit,56,female,Accounting,95674,Anni_Cu.Hy@consulting.com,NULL
21-6913744,Huntlee,Cudby,58,female,Accounting,142840,Huntlee_Cu.Re@consulting.com,NULL
49-3116451,Wade,Cuddihy,40,female,Accounting,110519,Wade_Cu.Re@consulting.com,NULL
98-7732014,Nessi,Cuel,50,male,Accounting,178547,Nessi_Cu.Hy@consulting.com,"2010-07-05 00:07:13"
98-2836895,Quincey,Cuerda,27,male,Accounting,95461,Quincey_Cu.Re@consulting.com,NULL
30-4210947,Sheba,Cuff,56,male,Accounting,152873,Sheba_Cu.Re@consulting.com,"2020-12-06 21:23:38"
98-8136679,Tawnya,Cuffin,23,male,Accounting,168146,Tawnya_Cu.Hy@consulting.com,NULL
23-0747602,Geri,Cullotey,42,male,Accounting,80683,Geri_Cu.Re@consulting.com,"2019-08-19 05:50:34"
06-6529743,Ingelbert,Cultcheth,58,male,Accounting,94330,Ingelbert_Cu.Re@consulting.com,NULL
72-8589537,Eunice,Cumine,32,female,Accounting,146327,Eunice_Cu.Re@consulting.com,NULL
57-8323715,Simona,Cummine,40,male,Accounting,180075,Simona_Cu.Re@consulting.com,NULL
74-8891177,Konstance,Cuniffe,47,male,Accounting,77077,Konstance_Cu.Hy@consulting.com,NULL
86-1621559,Lorita,Curd,39,male,Accounting,146826,Lorita_Cu.Hy@consulting.com,NULL
64-9666772,Bonnie,Curedale,38,female,Accounting,165427,Bonnie_Cu.Re@consulting.com,NULL
91-0360065,Briana,Cursey,55,female,Accounting,94154,Briana_Cu.Re@consulting.com,NULL
13-5441179,Ranique,Cursons,53,female,Accounting,159059,Ranique_Cu.Hy@consulting.com,NULL
60-3348209,Desmund,Curtoys,31,female,Accounting,76465,Desmund_Cu.Hy@consulting.com,NULL
40-8690349,Amanda,Cuskery,48,male,Accounting,92584,Amanda_Cu.Re@consulting.com,NULL
26-2363128,Ernest,Cutmere,39,male,Accounting,97541,Ernest_Cu.Re@consulting.com,NULL
84-8620198,Arty,Cutteridge,32,male,Accounting,150342,Arty_Cu.Re@consulting.com,NULL
92-8313683,Mikaela,Cuxson,51,male,Accounting,73089,Mikaela_Cu.Hy@consulting.com,NULL
19-2367265,Briny,Cyson,39,female,Accounting,168704,Briny_Cy.Hy@consulting.com,NULL
86-1728943,Dolly,D'Antoni,48,male,Accounting,96759,Dolly_D'.Hy@consulting.com,NULL
04-2949941,Elisha,D'Onisi,25,male,Accounting,137641,Elisha_D'.Hy@consulting.com,NULL
50-9322525,Faina,Dable,32,female,Accounting,67303,Faina_Da.Re@consulting.com,NULL
10-8814064,Lulu,Dabnot,35,male,Accounting,136967,Lulu_Da.Re@consulting.com,"2015-02-18 03:17:54"
90-0570519,Chelsey,Dadds,34,male,Accounting,124977,Chelsey_Da.Hy@consulting.com,"2020-12-05 19:43:55"
75-1505644,Alexis,Dahle,28,male,Accounting,124389,Alexis_Da.Re@consulting.com,NULL
80-6511544,Chrysa,Dailey,27,male,Accounting,170052,Chrysa_Da.Re@consulting.com,NULL
07-6238792,Letisha,Daish,25,female,Accounting,121741,Letisha_Da.Hy@consulting.com,NULL
92-4330121,Sibylla,Dalley,31,female,Accounting,99747,Sibylla_Da.Re@consulting.com,NULL
24-5170758,Franny,Dalley,42,male,Accounting,102565,Franny_Da.Re@consulting.com,NULL
30-2468901,Adella,Dallimore,54,female,Accounting,134966,Adella_Da.Hy@consulting.com,NULL
27-5898120,Saundra,Dallison,25,male,Accounting,144942,Saundra_Da.Hy@consulting.com,NULL
52-7540621,Damita,Daltrey,47,male,Accounting,103040,Damita_Da.Re@consulting.com,NULL
24-1133859,Hadrian,Dalziell,29,female,Accounting,176222,Hadrian_Da.Hy@consulting.com,NULL
25-1276047,Dyanne,Damrell,43,female,Accounting,94084,Dyanne_Da.Re@consulting.com,NULL
82-1753257,Mariquilla,Daniells,27,male,Accounting,124083,Mariquilla_Da.Re@consulting.com,NULL
79-9443529,Sayre,Dann,50,male,Accounting,142593,Sayre_Da.Re@consulting.com,NULL
48-8616664,Nataline,Dannell,35,female,Accounting,130921,Nataline_Da.Re@consulting.com,"2020-06-03 21:58:49"
07-4385019,Michaelina,Dannett,44,male,Accounting,154465,Michaelina_Da.Hy@consulting.com,NULL
57-2387240,Merl,Darben,50,male,Accounting,150440,Merl_Da.Re@consulting.com,NULL
21-9646688,Maribelle,Dargue,25,female,Accounting,105789,Maribelle_Da.Hy@consulting.com,"2003-05-06 23:16:34"
70-8595126,Boyce,Darko,26,female,Accounting,100537,Boyce_Da.Hy@consulting.com,NULL
60-1513347,Fraze,Darkott,37,male,Accounting,140253,Fraze_Da.Hy@consulting.com,NULL
32-4446846,Damara,Darley,48,female,Accounting,160073,Damara_Da.Hy@consulting.com,NULL
58-5605759,Hunter,Darree,49,female,Accounting,140681,Hunter_Da.Hy@consulting.com,NULL
65-2283473,Randall,Darter,26,male,Accounting,124089,Randall_Da.Hy@consulting.com,"2008-12-23 02:25:47"
46-1466131,Matthus,Daubney,44,male,Accounting,170950,Matthus_Da.Re@consulting.com,NULL
25-8794667,Bevin,Daudray,58,male,Accounting,106813,Bevin_Da.Re@consulting.com,NULL
19-2030446,Kelli,Daulby,43,male,Accounting,114961,Kelli_Da.Hy@consulting.com,NULL
58-3323053,Domingo,Davage,37,female,Accounting,77092,Domingo_Da.Re@consulting.com,NULL
56-5368521,Janelle,David,44,male,Accounting,118667,Janelle_Da.Hy@consulting.com,NULL
84-8727828,Jenn,Davidove,38,female,Accounting,154753,Jenn_Da.Hy@consulting.com,NULL
49-6862165,Aurelia,Davidovic,58,female,Accounting,124354,Aurelia_Da.Re@consulting.com,NULL
92-3981205,Norean,Davidovicz,35,male,Accounting,155838,Norean_Da.Hy@consulting.com,NULL
93-6004555,Wesley,Davidovsky,47,male,Accounting,126343,Wesley_Da.Re@consulting.com,NULL
22-7231849,Rozele,Davidsen,44,male,Accounting,108382,Rozele_Da.Hy@consulting.com,NULL
95-8948352,Aeriel,Davinet,30,male,Accounting,78061,Aeriel_Da.Re@consulting.com,NULL
81-1222009,Meredithe,Davisson,56,male,Accounting,119358,Meredithe_Da.Re@consulting.com,NULL
16-4853606,Benoit,Davitashvili,31,male,Accounting,173228,Benoit_Da.Hy@consulting.com,NULL
08-9996535,Serge,Daw,36,female,Accounting,138780,Serge_Da.Re@consulting.com,NULL
71-1847922,Kirbee,Dawby,27,female,Accounting,177411,Kirbee_Da.Re@consulting.com,NULL
99-9960380,Mabelle,Dawks,40,male,Accounting,158839,Mabelle_Da.Re@consulting.com,"2012-12-10 14:29:59"
25-6356640,Elsi,Dawltrey,38,female,Accounting,141149,Elsi_Da.Re@consulting.com,NULL
26-4147756,Graeme,Dayce,27,male,Accounting,79088,Graeme_Da.Hy@consulting.com,NULL
57-9446300,Evin,Dayment,54,male,Accounting,137593,Evin_Da.Re@consulting.com,NULL
01-2313150,Bee,Daymond,31,male,Accounting,114767,Bee_Da.Re@consulting.com,NULL
98-0241564,Hayyim,"De Blase",41,female,Accounting,182421,Hayyim_De.Hy@consulting.com,NULL
60-7810969,Dilan,"De Bruin",46,female,Accounting,118222,Dilan_De.Hy@consulting.com,NULL
33-4521166,Kylie,"De Carolis",33,male,Accounting,89683,Kylie_De.Re@consulting.com,NULL
56-2614133,Derrek,"de Clerq",58,female,Accounting,176600,Derrek_de.Hy@consulting.com,NULL
07-6256757,Batsheva,"De Cruze",42,female,Accounting,76195,Batsheva_De.Re@consulting.com,NULL
04-0645125,Daphne,"de Cullip",46,male,Accounting,146897,Daphne_de.Re@consulting.com,NULL
08-9803568,Pace,"De Few",46,male,Accounting,85111,Pace_De.Hy@consulting.com,NULL
63-5771513,Trueman,"De Giovanni",39,male,Accounting,118317,Trueman_De.Re@consulting.com,NULL
61-1213927,Osmund,"de Glanville",56,male,Accounting,68427,Osmund_de.Hy@consulting.com,NULL
15-0760970,Ase,"de Guerre",24,female,Accounting,91502,Ase_de.Hy@consulting.com,NULL
68-9203681,Perice,"de Juares",57,female,Accounting,107040,Perice_de.Re@consulting.com,NULL
00-3214670,Mahmoud,"De L'Isle",35,male,Accounting,97531,Mahmoud_De.Hy@consulting.com,NULL
65-4801426,Cecilia,"de Leon",42,male,Accounting,115199,Cecilia_de.Hy@consulting.com,NULL
26-4181987,Ansel,"De Ortega",31,male,Accounting,142807,Ansel_De.Re@consulting.com,NULL
36-1771785,Cross,Dealey,51,male,Accounting,169658,Cross_De.Hy@consulting.com,NULL
38-1007003,Amalea,Dean,31,female,Accounting,163629,Amalea_De.Re@consulting.com,NULL
08-4405420,Eldredge,Dean,40,male,Accounting,147512,Eldredge_De.Hy@consulting.com,NULL
95-8070758,Dud,Dearn,29,male,Accounting,104228,Dud_De.Hy@consulting.com,NULL
50-2947198,Berrie,Deeble,48,male,Accounting,139245,Berrie_De.Hy@consulting.com,NULL
85-1848769,Teena,Deeney,33,female,Accounting,160237,Teena_De.Hy@consulting.com,NULL
34-5987858,Francyne,Deetch,54,male,Accounting,132815,Francyne_De.Hy@consulting.com,NULL
08-5640145,Wyatan,Degoey,24,female,Accounting,91486,Wyatan_De.Re@consulting.com,NULL
80-6408094,Morten,Delahunty,31,male,Accounting,80855,Morten_De.Re@consulting.com,NULL
09-1785230,Benji,Delea,39,female,Accounting,107109,Benji_De.Re@consulting.com,NULL
12-6350394,Andria,Delgadillo,42,male,Accounting,180859,Andria_De.Hy@consulting.com,NULL
57-5897147,Ber,Delgardillo,52,female,Accounting,179317,Ber_De.Hy@consulting.com,NULL
03-2830109,Lorine,Dellar,53,female,Accounting,97111,Lorine_De.Hy@consulting.com,NULL
99-6352484,Barby,Dellit,26,female,Accounting,116598,Barby_De.Hy@consulting.com,NULL
57-9690400,Kienan,Deluce,49,male,Accounting,121485,Kienan_De.Re@consulting.com,NULL
41-1181287,Korella,Deme,45,male,Accounting,102246,Korella_De.Re@consulting.com,NULL
47-3135571,Regan,Denidge,23,female,Accounting,92087,Regan_De.Re@consulting.com,"2006-05-12 04:19:07"
67-1547065,Cece,Denington,34,female,Accounting,147023,Cece_De.Re@consulting.com,NULL
54-7533851,Willem,Denkel,45,female,Accounting,92254,Willem_De.Hy@consulting.com,NULL
21-4992352,Ilene,Dennison,37,female,Accounting,76498,Ilene_De.Hy@consulting.com,NULL
10-3357744,Parnell,Dennitts,44,female,Accounting,83332,Parnell_De.Hy@consulting.com,NULL
87-7482025,Beatrice,Densell,31,male,Accounting,163627,Beatrice_De.Re@consulting.com,NULL
33-5596939,Dora,Densie,46,male,Accounting,119777,Dora_De.Hy@consulting.com,NULL
93-1160231,Germaine,Denton,54,female,Accounting,122240,Germaine_De.Hy@consulting.com,NULL
42-4601774,Elianora,Denyer,32,male,Accounting,107713,Elianora_De.Hy@consulting.com,NULL
34-4141962,Sib,Denziloe,44,female,Accounting,122709,Sib_De.Hy@consulting.com,NULL
37-3057339,Sumner,Dermot,47,male,Accounting,178201,Sumner_De.Hy@consulting.com,NULL
37-1788249,Frants,Deroche,24,male,Accounting,84855,Frants_De.Hy@consulting.com,NULL
04-9122557,Abbott,Despenser,34,male,Accounting,65890,Abbott_De.Hy@consulting.com,NULL
55-5365096,Woodman,Deval,45,male,Accounting,78798,Woodman_De.Re@consulting.com,"2024-06-23 18:15:10"
30-2452028,Andy,Deval,34,male,Accounting,90018,Andy_De.Re@consulting.com,NULL
94-8427022,Brock,Devall,41,female,Accounting,98109,Brock_De.Hy@consulting.com,NULL
56-0394613,Maddy,Devereu,26,female,Accounting,164655,Maddy_De.Hy@consulting.com,NULL
98-5779601,Allie,Deverick,38,female,Accounting,76891,Allie_De.Hy@consulting.com,"2019-05-06 18:07:24"
61-4921606,Sephira,Devons,40,female,Accounting,89200,Sephira_De.Re@consulting.com,NULL
83-1288056,Otis,Devoy,50,male,Accounting,131073,Otis_De.Re@consulting.com,"2021-05-18 03:14:06"
57-7449111,Melina,Dewan,26,male,Accounting,175651,Melina_De.Hy@consulting.com,NULL
37-0765444,Elora,Dewan,30,female,Accounting,89907,Elora_De.Hy@consulting.com,NULL
76-4244304,Morganica,Dewett,28,male,Accounting,109524,Morganica_De.Hy@consulting.com,NULL
65-9674900,Verney,"Di Bartolomeo",30,female,Accounting,100304,Verney_Di.Hy@consulting.com,NULL
94-5570897,Angeline,"Di Biasi",42,male,Accounting,125004,Angeline_Di.Hy@consulting.com,NULL
74-9480126,Pyotr,Dick,32,male,Accounting,81517,Pyotr_Di.Hy@consulting.com,NULL
55-8996774,Rheba,Dickman,38,female,Accounting,154925,Rheba_Di.Re@consulting.com,NULL
38-5901889,Luke,Dicky,54,male,Accounting,114900,Luke_Di.Hy@consulting.com,NULL
36-8797972,Crissy,Dict,25,male,Accounting,92885,Crissy_Di.Hy@consulting.com,NULL
27-1581181,Lebbie,Dieton,30,male,Accounting,120292,Lebbie_Di.Re@consulting.com,NULL
50-5568082,Merlina,Digges,58,male,Accounting,144809,Merlina_Di.Hy@consulting.com,NULL
87-7619035,Misty,Dighton,24,male,Accounting,146254,Misty_Di.Re@consulting.com,NULL
13-2105791,Sterling,Dilgarno,56,male,Accounting,88355,Sterling_Di.Hy@consulting.com,NULL
17-3445982,Lazar,Dilleston,41,female,Accounting,87194,Lazar_Di.Hy@consulting.com,NULL
14-2277660,Consalve,Dillingham,47,male,Accounting,164263,Consalve_Di.Hy@consulting.com,NULL
39-4688639,Livvy,Dilliston,23,female,Accounting,148399,Livvy_Di.Hy@consulting.com,NULL
14-1900052,Olimpia,Dilloway,49,male,Accounting,71568,Olimpia_Di.Hy@consulting.com,"2022-12-05 17:24:15"
57-4331505,Arabelle,Dilnot,47,female,Accounting,167305,Arabelle_Di.Hy@consulting.com,NULL
45-5273013,Ruttger,Dimeloe,24,female,Accounting,161012,Ruttger_Di.Hy@consulting.com,NULL
99-4005161,Jada,Diment,37,male,Accounting,73956,Jada_Di.Hy@consulting.com,NULL
71-2809520,Haze,Dimmne,57,male,Accounting,133222,Haze_Di.Re@consulting.com,NULL
21-2404703,Heloise,Dineen,59,male,Accounting,157859,Heloise_Di.Re@consulting.com,"2013-01-25 05:36:49"
14-8133776,Earlie,Dingsdale,31,male,Accounting,149456,Earlie_Di.Hy@consulting.com,"2022-08-01 02:55:38"
24-5668387,Odell,Dinsell,37,female,Accounting,154464,Odell_Di.Hy@consulting.com,NULL
72-8166526,Joshuah,Disley,24,female,Accounting,65143,Joshuah_Di.Hy@consulting.com,NULL
84-4803563,Marchall,Divall,58,female,Accounting,82498,Marchall_Di.Hy@consulting.com,NULL
79-1354612,Minerva,Divine,34,female,Accounting,162009,Minerva_Di.Hy@consulting.com,NULL
33-2899645,Kimmi,Dmiterko,27,male,Accounting,99734,Kimmi_Dm.Hy@consulting.com,NULL
40-2341040,Reece,Dobey,55,male,Accounting,85441,Reece_Do.Re@consulting.com,NULL
66-7808166,Cassie,Dobrowlski,57,male,Accounting,117359,Cassie_Do.Hy@consulting.com,NULL
88-8090995,Boote,Dochon,47,female,Accounting,135714,Boote_Do.Hy@consulting.com,NULL
07-1216320,Vitia,Dockrell,53,male,Accounting,74178,Vitia_Do.Hy@consulting.com,NULL
16-0739409,Benedetto,Dohrmann,29,female,Accounting,109147,Benedetto_Do.Hy@consulting.com,NULL
55-7928592,Johnny,Doige,30,male,Accounting,128145,Johnny_Do.Re@consulting.com,NULL
02-4466418,Charisse,Doldon,47,female,Accounting,66365,Charisse_Do.Hy@consulting.com,NULL
57-6408794,Bab,Domesday,56,male,Accounting,82853,Bab_Do.Hy@consulting.com,NULL
83-1876919,Stacey,Domleo,35,female,Accounting,141022,Stacey_Do.Hy@consulting.com,NULL
38-8883137,Glyn,Donaghy,58,male,Accounting,101589,Glyn_Do.Hy@consulting.com,NULL
44-0585569,Mercedes,Donan,51,female,Accounting,66579,Mercedes_Do.Re@consulting.com,NULL
59-1083804,Chiquita,Doncaster,23,male,Accounting,79664,Chiquita_Do.Hy@consulting.com,NULL
38-3959848,Roosevelt,Donegan,59,female,Accounting,96467,Roosevelt_Do.Hy@consulting.com,NULL
30-0696520,Leslie,Donnan,33,male,Accounting,172944,Leslie_Do.Hy@consulting.com,"2014-03-26 05:00:18"
02-4023201,Roanna,Doohan,35,female,Accounting,95294,Roanna_Do.Hy@consulting.com,NULL
95-1856373,Blondelle,Dorbon,42,male,Accounting,132795,Blondelle_Do.Hy@consulting.com,NULL
38-9120651,Margo,Dorot,57,female,Accounting,137868,Margo_Do.Hy@consulting.com,NULL
94-8553673,Linnet,Dossetter,43,female,Accounting,80763,Linnet_Do.Re@consulting.com,NULL
14-9888448,Madlin,Doudny,43,female,Accounting,164166,Madlin_Do.Re@consulting.com,NULL
47-7883158,Shena,Dougary,47,male,Accounting,120241,Shena_Do.Re@consulting.com,NULL
34-2762961,Rosalinda,Doughtery,34,male,Accounting,79118,Rosalinda_Do.Hy@consulting.com,NULL
59-0952887,Ema,Doulden,26,female,Accounting,98622,Ema_Do.Hy@consulting.com,NULL
35-9456905,Nessie,Dovermann,41,female,Accounting,83753,Nessie_Do.Re@consulting.com,NULL
10-8576232,Rocky,Dovington,23,female,Accounting,173425,Rocky_Do.Re@consulting.com,NULL
07-0864122,Crysta,Dowda,37,male,Accounting,137713,Crysta_Do.Re@consulting.com,NULL
64-2599713,Yule,Dowey,36,female,Accounting,103410,Yule_Do.Hy@consulting.com,NULL
50-3780906,Erma,Down,31,male,Accounting,141792,Erma_Do.Hy@consulting.com,NULL
34-5215566,Celestyn,Dowry,56,male,Accounting,109783,Celestyn_Do.Re@consulting.com,NULL
80-7424179,Clara,Dowsey,25,male,Accounting,102251,Clara_Do.Re@consulting.com,NULL
58-4571338,Conn,Drakers,55,female,Accounting,67752,Conn_Dr.Re@consulting.com,NULL
83-2452439,Haley,Drakes,48,male,Accounting,157605,Haley_Dr.Hy@consulting.com,NULL
26-5420038,Joshua,Drane,55,male,Accounting,130419,Joshua_Dr.Hy@consulting.com,NULL
77-6223593,Cati,Drawmer,55,female,Accounting,73628,Cati_Dr.Re@consulting.com,NULL
29-4067917,Joanna,Drewes,39,female,Accounting,128763,Joanna_Dr.Hy@consulting.com,NULL
86-3926511,Perri,Drewett,40,male,Accounting,78869,Perri_Dr.Re@consulting.com,NULL
27-5377154,Paquito,Drewitt,41,male,Accounting,141933,Paquito_Dr.Re@consulting.com,NULL
82-0922549,Lauralee,Drewry,25,male,Accounting,183966,Lauralee_Dr.Re@consulting.com,NULL
59-7336680,Augustus,Drinkall,41,male,Accounting,126178,Augustus_Dr.Hy@consulting.com,NULL
70-6177304,Corrine,Drinkwater,40,female,Accounting,82465,Corrine_Dr.Hy@consulting.com,NULL
62-7963095,Virgina,Drissell,24,male,Accounting,114443,Virgina_Dr.Re@consulting.com,NULL
98-2210146,Florette,Drogan,38,female,Accounting,163078,Florette_Dr.Re@consulting.com,NULL
71-3012926,Kendra,Drust,33,female,Accounting,145402,Kendra_Dr.Re@consulting.com,NULL
66-9914216,Mickie,Drysdale,40,female,Accounting,101730,Mickie_Dr.Re@consulting.com,NULL
63-7429769,Carolynn,"Du Hamel",34,male,Accounting,141149,Carolynn_Du.Re@consulting.com,NULL
41-3557239,Aldis,Dubique,46,female,Accounting,92670,Aldis_Du.Hy@consulting.com,NULL
27-8525957,Abrahan,Ducastel,37,female,Accounting,77429,Abrahan_Du.Hy@consulting.com,NULL
54-0440611,Gaultiero,Duchart,39,male,Accounting,177623,Gaultiero_Du.Re@consulting.com,"2024-08-24 01:59:27"
52-0217073,Kimball,Ducker,56,female,Accounting,94022,Kimball_Du.Hy@consulting.com,"2025-10-26 19:07:57"
80-0208769,Elna,Ducker,43,male,Accounting,163779,Elna_Du.Hy@consulting.com,NULL
10-0461861,Larisa,Duckerin,49,female,Accounting,84181,Larisa_Du.Hy@consulting.com,NULL
95-6409590,Tabby,Duckers,57,male,Accounting,71846,Tabby_Du.Re@consulting.com,NULL
54-7692822,Torin,Ducket,53,female,Accounting,83414,Torin_Du.Re@consulting.com,NULL
28-7195124,Florinda,Dudman,53,female,Accounting,136086,Florinda_Du.Re@consulting.com,NULL
49-4815634,Theodora,Dudney,35,male,Accounting,174558,Theodora_Du.Hy@consulting.com,"2016-08-18 23:34:11"
62-5890922,Bartolomeo,Dufall,40,male,Accounting,159223,Bartolomeo_Du.Hy@consulting.com,NULL
75-4750208,Carmencita,Duffin,24,female,Accounting,148453,Carmencita_Du.Re@consulting.com,NULL
86-8827679,Star,Duffree,45,female,Accounting,175050,Star_Du.Hy@consulting.com,NULL
87-4245271,Aundrea,Dufore,37,female,Accounting,160054,Aundrea_Du.Hy@consulting.com,NULL
19-5037258,Devin,Dukesbury,31,male,Accounting,163132,Devin_Du.Hy@consulting.com,NULL
90-9428811,Kathlin,Dullingham,43,female,Accounting,105828,Kathlin_Du.Re@consulting.com,NULL
58-9082491,Romonda,Dumbarton,45,female,Accounting,151664,Romonda_Du.Hy@consulting.com,NULL
80-5228681,Mackenzie,Dumingo,47,male,Accounting,77488,Mackenzie_Du.Hy@consulting.com,NULL
61-0594558,Nariko,Dumphries,23,female,Accounting,130453,Nariko_Du.Re@consulting.com,NULL
33-3019035,Ignacio,Dundendale,45,male,Accounting,152978,Ignacio_Du.Re@consulting.com,NULL
12-2150305,Darelle,Dundon,36,male,Accounting,135707,Darelle_Du.Hy@consulting.com,NULL
21-7746151,Phedra,Dunkerton,46,female,Accounting,181543,Phedra_Du.Hy@consulting.com,"2018-08-13 16:27:55"
06-5915617,Skelly,Dunnett,38,female,Accounting,93779,Skelly_Du.Re@consulting.com,NULL
15-2027425,Faustina,Dunning,29,female,Accounting,159723,Faustina_Du.Re@consulting.com,NULL
27-3885871,May,Dunsleve,33,male,Accounting,160306,May_Du.Re@consulting.com,NULL
62-2629903,Evelyn,Dunsmore,55,female,Accounting,181623,Evelyn_Du.Re@consulting.com,NULL
76-7996228,Wilton,Duplain,36,male,Accounting,111926,Wilton_Du.Hy@consulting.com,NULL
83-3511815,Timothea,Dupree,44,female,Accounting,174176,Timothea_Du.Hy@consulting.com,NULL
59-9844772,Torrance,Duprey,46,male,Accounting,108511,Torrance_Du.Re@consulting.com,NULL
42-1085679,Pollyanna,Durbin,32,female,Accounting,107486,Pollyanna_Du.Re@consulting.com,NULL
71-5741538,Lydia,Durbyn,24,male,Accounting,149438,Lydia_Du.Re@consulting.com,NULL
53-9045539,Mannie,Durden,39,male,Accounting,184737,Mannie_Du.Re@consulting.com,NULL
94-1175232,Benedikt,Durek,57,female,Accounting,97610,Benedikt_Du.Hy@consulting.com,NULL
65-8638540,Mechelle,Durham,40,male,Accounting,77658,Mechelle_Du.Hy@consulting.com,NULL
07-8865082,Pablo,Durn,25,female,Accounting,91771,Pablo_Du.Hy@consulting.com,NULL
43-6048422,Carolyn,Duthie,24,female,Accounting,161138,Carolyn_Du.Hy@consulting.com,NULL
51-1866538,Gonzalo,Duval,50,male,Accounting,118024,Gonzalo_Du.Hy@consulting.com,NULL
50-4548947,Ichabod,Dyas,29,female,Accounting,89475,Ichabod_Dy.Hy@consulting.com,NULL
49-4650371,Sibylla,Dyball,57,male,Accounting,75190,Sibylla_Dy.Hy@consulting.com,NULL
26-4984879,Dante,Dyhouse,57,female,Accounting,182069,Dante_Dy.Re@consulting.com,NULL
57-7828240,Della,Dykas,50,male,Accounting,119912,Della_Dy.Hy@consulting.com,NULL
63-8984125,Candi,Dymock,53,male,Accounting,93931,Candi_Dy.Re@consulting.com,NULL
77-6787007,Tedd,Dymocke,31,female,Accounting,88179,Tedd_Dy.Re@consulting.com,NULL
88-5206125,Marabel,Dysert,53,female,Accounting,108162,Marabel_Dy.Re@consulting.com,"2023-05-18 08:37:09"
81-7107850,Margit,Dyzart,29,female,Accounting,112307,Margit_Dy.Hy@consulting.com,NULL
24-5765193,Loraine,Dziwisz,42,female,Accounting,161376,Loraine_Dz.Hy@consulting.com,NULL
14-5705210,Whitby,Eadmeads,42,female,Accounting,124476,Whitby_Ea.Re@consulting.com,"2005-09-17 19:22:53"
96-2982062,Lance,Eagar,44,male,Accounting,125672,Lance_Ea.Hy@consulting.com,NULL
54-9991788,Arliene,Eagell,48,male,Accounting,150932,Arliene_Ea.Re@consulting.com,NULL
17-5040675,Jeanie,Eaglestone,24,male,Accounting,105465,Jeanie_Ea.Re@consulting.com,NULL
59-1574211,Cele,Eamer,33,male,Accounting,143199,Cele_Ea.Re@consulting.com,NULL
34-0573351,Iosep,Earl,40,female,Accounting,78236,Iosep_Ea.Hy@consulting.com,NULL
89-3118550,Hoyt,Easdon,50,male,Accounting,122305,Hoyt_Ea.Re@consulting.com,"2023-10-13 05:32:35"
96-9038846,Evvie,Easlea,34,male,Accounting,168153,Evvie_Ea.Re@consulting.com,NULL
67-0800804,Kyle,Eastcourt,29,male,Accounting,101863,Kyle_Ea.Re@consulting.com,NULL
04-7127492,Leesa,Easterby,45,male,Accounting,66309,Leesa_Ea.Re@consulting.com,NULL
08-9355665,Kenneth,Eastgate,45,male,Accounting,143525,Kenneth_Ea.Re@consulting.com,NULL
84-8171930,Shirley,Eastment,59,female,Accounting,115507,Shirley_Ea.Hy@consulting.com,NULL
81-5409357,Kenon,Easun,38,female,Accounting,112220,Kenon_Ea.Hy@consulting.com,NULL
06-1065968,Nathan,Ebdon,48,female,Accounting,101861,Nathan_Eb.Re@consulting.com,NULL
28-6433236,Essa,Eberdt,36,male,Accounting,95027,Essa_Eb.Re@consulting.com,NULL
65-9934329,Koo,Eble,45,male,Accounting,109200,Koo_Eb.Hy@consulting.com,NULL
09-9582222,My,Eccleston,24,male,Accounting,122627,My_Ec.Hy@consulting.com,NULL
19-0764898,Anthony,Eckery,58,male,Accounting,160976,Anthony_Ec.Hy@consulting.com,NULL
65-9818536,Mano,Eddicott,54,female,Accounting,93443,Mano_Ed.Hy@consulting.com,NULL
85-1460638,Carrol,Eddins,37,female,Accounting,134517,Carrol_Ed.Hy@consulting.com,NULL
10-1021704,Adelind,Edes,56,female,Accounting,108807,Adelind_Ed.Re@consulting.com,NULL
41-1809720,Chrystel,Edginton,46,male,Accounting,111030,Chrystel_Ed.Re@consulting.com,NULL
66-9546324,Modestia,Edmett,47,female,Accounting,138941,Modestia_Ed.Re@consulting.com,NULL
74-3824987,Eleonore,Edmonstone,50,female,Accounting,140199,Eleonore_Ed.Re@consulting.com,NULL
22-9705203,Berke,Edowes,37,female,Accounting,161331,Berke_Ed.Hy@consulting.com,NULL
95-9928879,Dacie,Edworthy,58,male,Accounting,79373,Dacie_Ed.Re@consulting.com,NULL
42-4621484,Leigh,Egalton,38,female,Accounting,148166,Leigh_Eg.Re@consulting.com,NULL
46-5287197,Augusto,Eger,34,female,Accounting,67264,Augusto_Eg.Hy@consulting.com,NULL
26-1974595,Gale,Eggar,30,male,Accounting,142444,Gale_Eg.Re@consulting.com,NULL
48-6671450,Zachariah,Eggins,54,male,Accounting,163179,Zachariah_Eg.Hy@consulting.com,"2020-10-17 08:01:13"
76-4962507,Ofella,"Egle of Germany",52,male,Accounting,139384,Ofella_Eg.Re@consulting.com,NULL
85-3009594,Dalila,Eisikovitsh,42,female,Accounting,114653,Dalila_Ei.Hy@consulting.com,NULL
06-0674219,Trixy,Elacoate,38,male,Accounting,140044,Trixy_El.Hy@consulting.com,NULL
76-8621517,Barrett,Elcum,36,male,Accounting,135963,Barrett_El.Re@consulting.com,NULL
70-0828882,Thaddeus,Eldered,53,male,Accounting,132330,Thaddeus_El.Re@consulting.com,NULL
22-5299978,Genna,Elfitt,29,female,Accounting,157979,Genna_El.Hy@consulting.com,NULL
52-6961326,Demetrius,Elie,48,male,Accounting,175036,Demetrius_El.Hy@consulting.com,NULL
89-7795112,Osbert,Elix,33,male,Accounting,95083,Osbert_El.Hy@consulting.com,NULL
15-2408026,Cordie,Ellick,49,male,Accounting,135413,Cordie_El.Hy@consulting.com,"2016-03-27 10:10:41"
25-4115621,Leonelle,Ellor,57,male,Accounting,140469,Leonelle_El.Hy@consulting.com,NULL
05-2194477,Clemente,Elmore,53,male,Accounting,121102,Clemente_El.Re@consulting.com,"2013-04-09 14:10:11"
27-0519672,Ariadne,Elsie,42,male,Accounting,117283,Ariadne_El.Hy@consulting.com,NULL
85-4624655,Noble,Elsom,43,female,Accounting,151427,Noble_El.Hy@consulting.com,NULL
64-6839528,Laina,Elvish,24,male,Accounting,66720,Laina_El.Hy@consulting.com,NULL
31-9183608,Geraldine,Emblen,45,male,Accounting,90922,Geraldine_Em.Hy@consulting.com,NULL
88-0542476,Gelya,Eminson,31,female,Accounting,105155,Gelya_Em.Hy@consulting.com,NULL
36-3157869,Malva,Emmison,46,male,Accounting,176471,Malva_Em.Re@consulting.com,NULL
61-6851758,Joceline,Emney,26,male,Accounting,140789,Joceline_Em.Hy@consulting.com,NULL
38-2388723,Fleming,Ende,44,female,Accounting,71158,Fleming_En.Re@consulting.com,NULL
74-8986603,Torrance,Endean,24,male,Accounting,91244,Torrance_En.Hy@consulting.com,NULL
01-7782368,Carlita,Enevold,25,male,Accounting,80034,Carlita_En.Hy@consulting.com,NULL
64-7769579,Titus,Enga,51,male,Accounting,86499,Titus_En.Re@consulting.com,NULL
75-7181497,Selig,Enrico,55,male,Accounting,163432,Selig_En.Hy@consulting.com,NULL
20-7974529,Alysia,Enrrico,24,female,Accounting,149559,Alysia_En.Hy@consulting.com,"2012-07-15 06:32:25"
91-6746757,Coletta,Entissle,37,female,Accounting,125128,Coletta_En.Re@consulting.com,NULL
74-3476797,Roby,enzley,57,male,Accounting,105238,Roby_en.Hy@consulting.com,NULL
15-4080298,Chauncey,Epilet,53,female,Accounting,134517,Chauncey_Ep.Re@consulting.com,NULL
41-4517868,Roseanna,Erangy,58,female,Accounting,94400,Roseanna_Er.Re@consulting.com,NULL
71-7826157,Lesly,Ericssen,30,female,Accounting,100070,Lesly_Er.Re@consulting.com,"2011-09-24 15:07:30"
80-7123691,Maurene,Eringey,45,female,Accounting,91329,Maurene_Er.Re@consulting.com,NULL
66-3238510,Edwin,Esch,58,female,Accounting,176087,Edwin_Es.Hy@consulting.com,NULL
91-7945689,Clayson,Esel,58,female,Accounting,85724,Clayson_Es.Hy@consulting.com,NULL
82-3481514,Gaile,Esland,58,male,Accounting,149228,Gaile_Es.Hy@consulting.com,NULL
41-8873486,Lisbeth,Esmonde,30,male,Accounting,180830,Lisbeth_Es.Hy@consulting.com,NULL
72-8212143,Ashlen,Essery,48,male,Accounting,175283,Ashlen_Es.Re@consulting.com,NULL
35-9102184,Hamilton,Este,32,female,Accounting,91111,Hamilton_Es.Hy@consulting.com,NULL
48-7981031,Elia,Estoile,24,female,Accounting,103588,Elia_Es.Re@consulting.com,NULL
12-3234976,Tish,Etheridge,37,male,Accounting,163852,Tish_Et.Re@consulting.com,NULL
79-8924920,Guglielma,Evenden,31,male,Accounting,97605,Guglielma_Ev.Hy@consulting.com,NULL
87-1941365,Kippy,Evenett,34,female,Accounting,95726,Kippy_Ev.Hy@consulting.com,"2022-05-16 02:54:04"
40-9723602,Julia,Everett,59,male,Accounting,72933,Julia_Ev.Hy@consulting.com,"2002-08-08 02:54:36"
26-1967728,Sile,Everil,51,male,Accounting,117121,Sile_Ev.Hy@consulting.com,NULL
01-4278780,Ysabel,Evetts,50,male,Accounting,84817,Ysabel_Ev.Re@consulting.com,NULL
73-9322544,Odelinda,Exroll,23,male,Accounting,80444,Odelinda_Ex.Re@consulting.com,NULL
80-4605605,Gustavo,Exroll,28,male,Accounting,124250,Gustavo_Ex.Re@consulting.com,NULL
57-4564780,Humphrey,Eye,25,female,Accounting,150874,Humphrey_Ey.Hy@consulting.com,NULL
